Year,UniqueCarrier,Origin,Dest,count
1989,UA,LIH,HNL,30
1991,US,BWI,TPA,31
1993,US,DCA,PIT,30
2000,WN,BHM,PHX,31
2002,US,PHL,SEA,31
2006,US,JFK,PHX,3
2006,US,LAS,FLL,1
2006,US,LAS,SMF,3
2006,US,ORD,LAS,3
2006,US,PHX,BOI,2
2006,US,PHX,HNL,1
2006,US,PHX,LAX,10
2007,WN,DEN,PHX,6
2008,WN,LAX,OAK,21
2008,WN,MSY,MCO,4
2008,WN,OAK,SEA,8
2008,WN,PHL,FLL,3
1987,PS,SCK,LAX,21
1989,UA,CMH,ORD,2
1996,DL,ATL,PHX,127
2003,UA,BOI,DEN,56
2003,UA,DEN,SFO,6
2006,US,CLE,CLT,2
2006,US,CLT,BOS,18
2006,US,PHL,IND,2
2006,US,PHX,SMF,5
2007,WN,BNA,OAK,1
2008,WN,PDX,MDW,2
2008,WN,SAN,MDW,5
1991,US,PHL,BOS,26
1994,US,BWI,BDL,4
1997,WN,ABQ,PHX,155
2005,UA,DEN,SAT,4
2006,US,ROC,CLT,1
2006,US,ELP,LAS,1
2007,WN,ISP,BWI,9
2007,WN,LAS,OMA,3
2007,WN,MCO,ABQ,2
2008,WN,LAX,ABQ,4
2008,WN,MDW,TPA,7
1988,PS,SCK,LAX,15
1994,US,MIA,PIT,28
2003,UA,DEN,MCI,31
2004,UA,DEN,OMA,25
2004,UA,DEN,SNA,31
2005,UA,OAK,DEN,5
2006,US,PHL,PHX,4
2007,WN,BNA,BWI,8
2007,WN,FLL,STL,1
2007,WN,IND,LAS,2
2007,WN,LAX,PHL,2
2007,WN,LAX,PHX,14
2007,WN,LAX,STL,1
2008,WN,MDW,PVD,4
2008,WN,PHX,RDU,1
2008,WN,SEA,LAS,4
1993,US,PHL,RDU,18
1994,US,DCA,BUF,26
1994,US,RIC,PIT,4
1994,US,PIT,BWI,58
1997,WN,BUR,PHX,207
2006,US,DCA,TPA,8
2007,WN,BWI,PBI,4
2008,WN,OAK,LAX,21
2008,WN,SAN,SJC,10
2008,WN,SJC,BUR,10
1989,UA,SFO,LAX,27
1991,US,PIT,BGM,31
1991,US,PBI,PIT,30
2001,US,DCA,CLT,29
2002,US,DCA,PHL,31
2004,UA,LAS,LAX,25
2004,UA,ORD,SNA,12
2005,UA,SNA,DEN,22
2006,US,IND,PHL,1
1991,US,PIT,PVD,24
1992,US,STL,CLT,5
2001,US,PHL,PIT,58
2004,UA,EWR,DEN,25
2005,UA,DSM,DEN,10
2005,UA,ORD,DCA,52
2006,US,FLL,PHL,14
2007,WN,JAX,BWI,3
2007,WN,LAS,GEG,2
2007,WN,MCO,IND,1
2008,WN,LAX,LAS,14
2008,WN,MSY,FLL,1
2008,WN,OKC,MCI,4
1998,WN,BNA,PHX,62
2002,US,CLT,PNS,31
2002,US,CLT,MYR,5
2006,US,ONT,PHX,4
2006,US,PHL,TPA,7
2006,US,PIT,DCA,3
2007,WN,DAL,SAT,15
2007,WN,DEN,MCI,4
2007,WN,ELP,ABQ,3
2007,WN,HOU,ELP,3
1988,PS,SAN,LAS,28
1991,US,STL,PIT,61
1994,US,ROC,EWR,4
2000,HP,AUS,PHX,150
2003,UA,SLC,DEN,6
2004,UA,SMF,DEN,31
2004,UA,SEA,ORD,43
2006,US,LGA,DCA,16
2007,WN,BNA,FLL,2
2008,WN,MCI,MCO,3
2008,WN,PDX,ABQ,1
2008,WN,PHX,RNO,3
2008,WN,SAT,MDW,2
1989,UA,LAX,HNL,93
1990,US,PIT,EWR,29
1997,HP,BOS,PHX,62
1998,CO,CLE,PHX,62
1998,AA,DFW,PHX,259
2001,US,CLT,ROA,55
2001,US,IAH,PIT,31
2006,US,MHT,PHL,3
2006,US,OAK,LAS,2
2006,US,PHL,BUF,3
2006,US,PHX,SLC,4
2006,US,ABQ,PHX,5
2007,WN,ABQ,MAF,1
2007,WN,BUF,TPA,1
2007,WN,LAS,BHM,1
2008,WN,MCO,BDL,3
1988,PS,SFO,SAN,8
1991,US,DCA,PIT,23
2001,US,PIT,ORD,27
2005,UA,ORD,ATL,27
2006,US,BOS,DCA,30
2006,US,DCA,DFW,6
2006,US,PHL,ALB,3
2006,US,RDU,PHX,1
2006,US,SEA,PHX,5
2007,WN,TUS,LAS,6
2007,WN,BWI,RDU,6
2008,WN,MDW,IND,4
2008,WN,PVD,LAS,1
1991,US,CLT,BWI,7
1992,US,MIA,MCO,6
1992,US,MCI,ICT,25
1993,US,PIT,FLL,31
1994,US,MHT,PHL,27
2006,US,LAS,JFK,3
2007,WN,LAS,MHT,1
2007,WN,MAF,HOU,2
2008,WN,LAS,MCO,1
2008,WN,OMA,PHX,3
1988,PS,BUR,LAS,47
1989,UA,ORD,ABE,55
1991,US,PIT,ORF,23
1992,US,BWI,PIT,5
1997,CO,CLE,PHX,32
2000,WN,BWI,PHX,92
2001,US,BHM,CLT,62
2002,US,PHL,IAH,31
2006,US,DCA,PIT,6
2008,WN,LAS,SEA,4
2008,WN,MSY,BWI,1
1990,US,SFO,RNO,29
1992,US,PIT,IND,30
1992,US,PHL,PIT,3
1998,DL,CVG,PHX,124
2003,UA,DEN,DFW,56
2006,US,PHX,PDX,5
2006,US,SRQ,CLT,1
2007,WN,BWI,SAN,2
2007,WN,IND,PHX,2
2008,WN,SDF,LAS,1
1987,PS,SNA,LAS,84
1998,UA,DEN,PHX,398
2000,WN,BNA,PHX,61
2001,US,DCA,CMH,22
2003,UA,GEG,DEN,25
2006,US,LGA,FLL,2
2006,US,PHX,DEN,7
2007,WN,SNA,SJC,7
2007,WN,TPA,STL,1
2007,WN,TUL,MCI,2
2007,WN,LIT,HOU,1
2007,WN,MCO,PVD,5
2007,WN,MCO,RDU,4
2008,WN,MCO,LAS,1
2008,WN,MCO,PHX,1
2008,WN,MHT,TPA,2
2008,WN,PHX,BNA,4
1987,PS,LAS,SAN,4
1990,US,SFO,PDX,30
1990,US,ISP,PIT,3
1992,US,LAX,IND,24
1992,US,RDU,PHL,26
1995,US,SJU,PHL,4
1999,AA,ABQ,PHX,1
2001,US,CLT,ILM,31
2004,UA,PHL,ORD,24
2005,UA,SAN,SFO,32
2006,US,PDX,PHX,5
2007,WN,MDW,BNA,8
2008,WN,LAS,ORF,1
2008,WN,MCO,DTW,2
1988,PI,CLT,LYH,26
1990,US,PHL,IND,30
1992,US,BGM,PIT,29
1992,US,PHL,ORH,6
1993,US,PHL,IND,26
1994,US,BOS,SYR,30
1997,WN,BNA,PHX,61
2004,UA,ORD,CLT,18
2006,US,PHL,MCO,8
2007,WN,SMF,SNA,7
2007,WN,TPA,MSY,3
2007,WN,ABQ,MDW,2
2007,WN,MCI,IND,2
2008,WN,PHX,BUR,10
2008,WN,PHX,SJC,6
2008,WN,PHX,SNA,8
1988,PI,MYR,BWI,31
1991,US,CLE,LGA,28
2003,UA,STL,ORD,23
2004,UA,DEN,MIA,28
2005,UA,MSY,IAD,31
2006,US,LGA,CLT,8
2006,US,RSW,CLT,4
2007,WN,SMF,ONT,1
2007,WN,BNA,LAS,4
2008,WN,SAN,HOU,1
1990,US,LGA,ORF,27
1991,US,ACY,PIT,31
1994,US,IND,TPA,28
1994,US,MCO,BOS,4
2001,US,MKE,PIT,31
2001,US,IAD,CLT,31
2001,US,ATL,PIT,27
2003,UA,DEN,DTW,25
2004,UA,OKC,DEN,25
2006,US,DCA,IND,4
2006,US,LAS,DEN,4
2007,WN,STL,HOU,5
2007,WN,BDL,LAS,1
2007,WN,BWI,MCO,9
2007,WN,MCO,STL,4
2008,WN,LIT,MDW,1
2008,WN,MCI,DEN,4
2008,WN,ONT,LAS,10
2008,WN,SAT,LAX,1
2008,WN,SLC,ABQ,2
1990,US,DAY,EWR,30
1997,US,CLT,PHX,31
2002,US,AVP,PHL,12
2003,UA,ORD,BDL,22
2006,US,CLT,ALB,2
2006,US,SEA,LAS,4
2007,WN,BUF,MDW,3
2007,WN,LAS,TUL,1
2007,WN,MCO,IAD,2
1993,US,TUS,PHX,30
1999,HP,ABQ,PHX,181
2004,UA,SAN,ORD,25
2005,UA,ORD,PIT,28
2006,US,PHX,MCI,3
2007,WN,BUR,OAK,16
2007,WN,BUR,SJC,9
2007,WN,CMH,MCO,2
2008,WN,MSY,LAS,2
2008,WN,RNO,OAK,4
2008,WN,SDF,BWI,5
1989,UA,HNL,OGG,27
1994,US,DCA,PIT,4
1998,HP,BOS,PHX,62
1999,DL,SLC,PHL,62
2001,US,PIT,MKE,28
2004,UA,BOS,DEN,4
2005,UA,CLT,ORD,27
2006,US,DCA,BDL,10
2006,US,IAH,PHL,1
2007,WN,TPA,CMH,2
2007,WN,TPA,FLL,8
2007,WN,TPA,MCI,1
2007,WN,ELP,PHX,7
2007,WN,HOU,BNA,5
2008,WN,RNO,SEA,2
1990,US,LGA,PIT,31
1992,US,PIT,PVD,47
1993,US,GSO,CLT,31
1994,US,PBI,PHL,27
1994,US,BUF,EWR,25
2002,US,DCA,PIT,26
2006,US,CLT,SJU,4
2007,WN,ELP,MAF,1
2007,WN,GEG,BOI,3
2007,WN,HOU,CRP,6
2008,WN,MCO,BWI,9
2008,WN,MHT,PHL,6
1992,US,CLE,IND,25
1994,US,PBI,BWI,4
2001,US,PIT,MSY,31
2002,US,PIT,ABE,31
2006,US,SJC,PHX,5
2007,WN,TUS,ABQ,2
2007,WN,ABQ,ELP,3
2007,WN,LBB,ABQ,1
2007,WN,MCI,LAX,4
2007,WN,MCO,PIT,3
2007,WN,MDW,ISP,7
2008,WN,LAS,AMA,1
1988,PS,BUR,SJC,24
1990,US,PHL,PIT,62
1992,US,PIT,IAH,30
1994,US,BUF,BOS,3
2003,UA,ORD,MSY,3
2003,UA,IAD,BOS,31
2003,UA,CLE,ORD,6
2006,US,PHX,MIA,1
2006,US,RNO,LAS,1
2007,WN,STL,BHM,1
2007,WN,LAX,RNO,3
1989,UA,HNL,SFO,59
1991,US,DAY,PIT,23
1993,US,CLE,PIT,29
1994,US,PIT,TOL,31
1998,US,CLT,PHX,31
2000,HP,CMH,PHX,126
2003,UA,ORD,ATL,30
2003,UA,ONT,DEN,6
2003,UA,ORD,TUS,25
2006,US,LAS,BWI,1
2006,US,PHX,MSP,4
2007,WN,HOU,TUL,4
2008,WN,SDF,TPA,2
1991,US,CLE,BWI,7
1992,US,PHX,IND,31
1992,US,PHL,PBI,28
1994,US,PIT,ORD,53
1999,US,RSW,PHL,93
2006,US,CLT,DTW,4
2006,US,DCA,CMH,2
2006,US,FLL,CLT,14
2006,US,PBI,PHL,4
2006,US,PHL,FLL,7
2006,US,SNA,PHX,7
2006,US,TPA,PHX,2
2007,WN,DEN,SLC,4
2007,WN,LAS,MCI,6
2008,WN,IND,MCI,2
2008,WN,JAX,BHM,1
2008,WN,LAS,BDL,1
2008,WN,MDW,AUS,2
2008,WN,MHT,BWI,11
2008,WN,MHT,LAS,1
2008,WN,SDF,PHX,1
1991,US,MDW,PIT,22
1992,US,IND,CMH,24
1994,US,LGA,MIA,31
2003,UA,EWR,DEN,6
2006,US,STL,PHX,3
2007,WN,BNA,TPA,5
2008,WN,SDF,MCO,2
1991,US,AVP,PIT,24
1992,US,PIT,CMH,25
1993,US,IND,DCA,3
2000,WN,AUS,PHX,122
2001,US,MHT,PIT,31
2007,WN,BNA,AUS,3
2007,WN,BWI,LIT,1
2007,WN,DTW,PHX,2
2008,WN,MCO,CMH,3
2008,WN,MCO,RDU,4
2008,WN,MDW,RSW,3
2008,WN,ORF,LAS,1
1988,PS,MRY,LAX,2
1992,US,BWI,MCO,31
1992,US,SAN,PIT,61
1993,US,BDL,PIT,29
2001,US,TPA,PHL,26
2003,UA,LAS,LAX,6
2004,UA,ORD,BUF,25
2004,UA,LAS,ORD,25
2006,US,CLT,BWI,16
2006,US,CLT,CLE,2
2006,US,DCA,MHT,4
2006,US,ORD,DCA,1
2007,WN,BNA,CMH,2
2008,WN,JAX,FLL,6
2008,WN,LAS,ABQ,7
2008,WN,RSW,ISP,1
2008,WN,SEA,SMF,5
1990,US,PIT,CMH,31
1993,US,PIT,DTW,22
2000,HP,COS,PHX,88
2003,UA,TPA,ORD,25
2006,US,ORF,CLT,3
2006,US,PHX,SAN,8
2007,WN,FLL,HOU,2
2008,WN,LAS,CLE,1
2008,WN,RDU,PHX,1
1988,PI,ISP,SYR,26
1989,UA,ORD,BTV,29
1991,US,RNO,SFO,7
1991,US,PIT,BNA,29
1992,US,CLE,BOS,31
1999,US,SYR,PHL,123
2006,US,LAX,CLT,4
2007,WN,AMA,ABQ,2
2007,WN,BHM,BNA,2
2007,WN,BWI,HOU,4
2007,WN,HOU,LAS,4
2007,WN,MCI,LAS,6
1990,US,PHL,CMH,30
1992,US,LGA,CLE,28
2004,UA,BDL,IAD,25
2006,US,MSY,PHL,1
2006,US,PBI,CLT,5
2007,WN,BNA,JAX,4
2007,WN,CLE,BWI,5
2007,WN,ISP,FLL,3
2007,WN,LAS,SAN,14
2008,WN,SAN,BWI,2
2008,WN,SAN,SAT,1
2008,WN,SAN,SMF,14
1990,US,PIT,ABQ,29
1991,US,BUF,JFK,31
1991,US,PIT,AVP,31
1992,US,IND,LAX,56
1993,US,PIT,CLE,4
1994,US,PHL,STL,26
2003,UA,DEN,PDX,31
2004,UA,ORD,PHX,25
2005,UA,ORD,MSP,31
2006,US,CLT,IND,4
2006,US,MCO,PIT,4
2007,WN,BWI,MDW,8
2007,WN,HOU,OKC,4
2007,WN,MCI,BWI,3
2008,WN,IND,MCO,2
2008,WN,MSY,BNA,2
1988,PS,SJC,LAX,39
1991,US,BWI,IND,30
1991,US,MDT,PIT,6
1991,US,DTW,BWI,21
1992,US,BWI,ORF,4
1994,US,PHL,ALB,26
2002,US,BWI,PIT,9
2003,UA,PHX,SFO,50
2006,US,PHL,ROC,1
2006,US,SFO,LAS,7
2007,WN,BOI,LAS,2
2007,WN,CLE,BNA,4
2007,WN,CRP,HOU,6
2007,WN,LAS,CLE,1
2007,WN,LIT,LAS,1
2007,WN,MDW,BWI,8
2008,WN,LAS,LAX,14
2008,WN,LAX,SAT,1
2008,WN,PVD,BNA,1
2008,WN,SAN,ELP,1
1989,UA,MCO,ORD,53
1993,US,LAX,PHL,31
2003,UA,DEN,TUL,62
2005,UA,DFW,DEN,26
2005,UA,OMA,DEN,14
2006,US,LAX,LAS,9
2006,US,MSP,PHX,4
2006,US,ORD,PHL,7
2006,US,RIC,CLT,4
2007,WN,ABQ,SEA,1
2007,WN,HOU,MSY,9
2007,WN,JAN,MCO,1
2007,WN,MCI,OKC,4
2008,WN,LAS,DEN,7
2008,WN,LAS,TPA,1
2008,WN,OAK,PDX,6
1994,US,PIT,MCO,28
1997,DL,CVG,PHX,124
2003,UA,ATL,DEN,6
2004,UA,PHX,SFO,31
2006,US,BOS,FLL,2
2006,US,JAX,DCA,3
2006,US,JAX,PHL,4
2006,US,PHL,CLT,10
2007,WN,SMF,SAN,13
2008,WN,LIT,HOU,1
2008,WN,PHX,ELP,7
1987,PS,SAN,OAK,109
1992,US,MCO,BWI,30
1994,US,TPA,PIT,31
2004,UA,ORD,BWI,31
2006,US,DFW,PHX,10
2007,WN,BDL,BWI,9
2007,WN,BWI,MCI,3
2008,WN,LAS,BUR,13
1988,PI,JFK,UCA,30
1990,US,PHL,ALB,29
1991,US,TPA,SYR,31
1992,US,PIT,SYR,22
2001,US,GSO,PHL,31
2001,US,BOS,PHL,31
2004,UA,BWI,DEN,6
2006,US,BUF,DCA,6
2006,US,ATL,DCA,3
2007,WN,TPA,ABQ,1
2007,WN,BWI,ALB,7
2007,WN,CMH,LAS,2
2007,WN,MDW,ABQ,2
2008,WN,PDX,LAS,4
1991,US,EWR,CLT,24
1991,US,BUF,EWR,26
1994,US,CVG,PIT,26
2006,US,BUR,PHX,6
2006,US,PHL,RDU,4
2007,WN,TPA,AUS,1
1988,PI,LGA,GSO,56
1988,PI,BWI,RIC,26
1992,US,PHL,BDL,30
1994,US,IAH,PHL,30
2002,US,DTW,CLT,31
2006,US,MSP,LAS,2
2006,US,SNA,LAS,6
2007,WN,TPA,BUF,1
2007,WN,JAX,BHM,1
2008,WN,OAK,ABQ,3
2008,WN,OMA,STL,4
2008,WN,PDX,GEG,4
2008,WN,SDF,BHM,2
2008,WN,SDF,STL,3
1987,PS,LAX,SAN,3
1994,US,PHL,GSO,22
2002,US,ROC,PHL,31
2003,UA,SAN,SFO,25
2003,UA,LAS,ORD,25
2004,UA,DEN,IAD,25
2006,US,BWI,PHX,6
2006,US,CLT,CHS,6
2006,US,MCI,CLT,1
2006,US,ABQ,LAS,1
2007,WN,BHM,LAS,1
2007,WN,BOI,SEA,3
2007,WN,MCI,DAL,6
2008,WN,RNO,SAN,2
2008,WN,RSW,MDW,3
1992,US,PIT,PHL,26
1992,US,MCI,SFO,2
2005,UA,IAD,DEN,4
2006,US,EYW,FLL,6
2006,US,MSY,CLT,2
2007,WN,BOI,RNO,3
2007,WN,MCI,TUL,3
2008,WN,JAN,MCO,1
2008,WN,LAS,CMH,2
1990,US,LGA,CLE,28
1991,US,CLE,CLT,24
1994,US,SWF,PIT,25
1998,WN,BUR,PHX,210
1999,US,SFO,PHL,119
2001,US,LGA,PIT,27
2001,US,BUF,LGA,27
2001,US,PIT,SBN,31
2006,US,CLT,PHL,20
2006,US,MSY,DCA,1
2006,US,PHL,IAH,2
2007,WN,TUS,LAX,5
2008,WN,JAX,IND,1
2008,WN,PHL,HOU,2
1992,US,IND,LGA,6
1993,US,CRW,PIT,31
1993,US,SFO,PIT,60
1994,US,EWR,RDU,27
1995,US,PVD,PHL,124
2001,US,CLT,FAY,27
2001,US,MEM,CLT,28
2001,US,CMH,LGA,27
2002,US,CLT,GSO,26
2004,UA,BOS,IAD,25
2006,US,DCA,MCO,12
2006,US,PHL,BDL,4
2006,US,PHL,DEN,2
2006,US,TPA,DCA,4
2007,WN,ABQ,SAN,3
2007,WN,AUS,ELP,4
2007,WN,MCO,HOU,3
2008,WN,RDU,PHL,6
1988,PS,SAN,SFO,29
1990,US,SFO,MCI,31
1990,US,ABE,PIT,58
1994,US,CLT,IND,26
2000,DL,CVG,PHX,124
2006,US,PHX,DCA,3
2007,WN,STL,TPA,1
2007,WN,MCO,JAN,1
2008,WN,JAN,BWI,2
2008,WN,OKC,DEN,2
1987,PS,SJC,LAX,46
1988,PI,BWI,SYR,29
2004,UA,PBI,ORD,10
2004,UA,PHX,DEN,25
2004,UA,DEN,GEG,25
2006,US,CLT,DEN,6
2007,WN,TUS,SAN,2
2007,WN,LAS,PHL,2
2008,WN,MCI,IND,2
2008,WN,MDW,LAX,7
1998,HP,CLE,PHX,31
2005,UA,ORD,SEA,31
2006,US,GEG,PHX,1
2007,WN,BNA,DTW,3
2007,WN,CLE,LAS,1
2007,WN,ELP,SAN,1
2007,WN,ISP,RSW,1
1990,US,PHX,BUR,30
1994,US,CAE,CLT,26
1996,WN,AUS,PHX,92
2003,UA,PDX,LAX,6
2006,US,TPA,LAS,1
2006,US,CLT,SEA,1
2007,WN,DTW,MDW,8
2007,WN,HRL,AUS,1
2008,WN,IND,TPA,1
2008,WN,MSY,MDW,1
2008,WN,OAK,RNO,4
2008,WN,OMA,MDW,6
1990,US,CLE,IND,29
1993,US,BOS,CLE,44
1994,US,IND,BWI,31
1994,US,ERI,PIT,30
1996,HP,BUR,PHX,124
2003,UA,BUF,ORD,25
2005,UA,ALB,ORD,5
2006,US,PWM,DCA,2
2007,WN,ELP,DAL,6
2008,WN,MCI,MDW,12
2008,WN,MDW,LAS,12
2008,WN,PHX,TUL,3
1990,US,BUR,SFO,30
1997,HP,CMH,PHX,155
2003,UA,ORD,MSP,25
2003,UA,GRR,ORD,6
2005,UA,DEN,STL,31
2007,WN,TPA,LAS,1
2007,WN,ABQ,STL,1
2007,WN,LAX,LAS,14
2008,WN,LAS,SNA,6
2008,WN,MDW,PIT,6
2008,WN,PHX,PDX,3
2008,WN,PHX,PHL,2
1991,US,CVG,CLT,24
1992,US,DAY,PHL,6
1994,US,EWR,BOS,52
1995,US,RIC,PHL,146
2001,US,CRW,PIT,31
2001,US,PHL,CLE,31
2001,US,PHL,BTV,25
2002,US,CLT,ORF,5
2006,US,CLT,ABE,2
2006,US,PHX,TPA,2
2006,US,SMF,LAS,3
2007,WN,BUF,LAS,1
2008,WN,PHX,MHT,1
1988,PI,JFK,BUF,31
1988,PS,SJC,BUR,13
1990,US,TYS,PIT,30
1992,US,DTW,PIT,6
1993,US,PIT,STL,30
2004,UA,IAD,ORD,6
2004,UA,ABQ,DEN,25
2007,WN,HOU,ABQ,3
2007,WN,MCO,ORF,2
2008,WN,LAS,SFO,7
2008,WN,ORF,MCO,2
2008,WN,PDX,SLC,3
1989,UA,ORD,PHL,29
1992,US,PIT,ALB,6
1994,US,SYR,EWR,30
1995,US,PHX,PHL,62
2001,US,ROC,BOS,27
2004,UA,PDX,ORD,31
2006,US,DCA,RSW,6
2006,US,PHX,SEA,5
2006,US,SJC,LAS,3
2007,WN,TPA,PIT,1
2007,WN,BWI,LAX,2
2007,WN,DTW,BNA,3
2007,WN,IAD,MCO,2
2007,WN,MAF,ABQ,1
2008,WN,ISP,BWI,7
2008,WN,JAN,HOU,4
2008,WN,MCO,ISP,6
1988,PI,EWR,ROA,26
1994,US,CLE,PHL,4
1996,HP,AUS,PHX,93
2001,US,PIT,HPN,31
2004,UA,DEN,PDX,30
2004,UA,TUS,ORD,25
2005,UA,SFO,SNA,22
2006,US,CLT,RDU,12
2006,US,DCA,ORD,2
2006,US,MCO,LAS,1
2006,US,PHL,LAS,5
2006,US,SMF,PHX,5
2006,US,ATL,LAS,1
2007,WN,ABQ,BWI,1
2007,WN,AUS,HRL,1
2008,WN,LAS,OMA,3
2008,WN,MCI,PHX,4
2008,WN,MCO,RSW,4
2008,WN,OAK,SNA,9
2008,WN,PBI,ISP,3
1990,US,BWI,LGA,31
1990,US,ABQ,TUS,31
1993,US,EWR,BOS,26
1997,HP,ATL,PHX,91
2001,US,PIT,EWR,31
2002,US,CLT,BDL,53
2003,UA,SEA,DEN,6
2007,WN,ABQ,PDX,1
2007,WN,BWI,BDL,9
2007,WN,MCI,DEN,4
2007,WN,MCI,SMF,1
2008,WN,MDW,IAD,6
1988,PI,UCA,SYR,30
1990,US,PIT,TPA,30
1993,US,PIT,GRR,24
2006,US,ORD,CLT,5
2007,WN,ABQ,MCI,2
2007,WN,LAS,BUR,13
2007,WN,MDW,DTW,8
2008,WN,LIT,BWI,1
2008,WN,LIT,LAS,1
2008,WN,MCI,LAX,4
2008,WN,RDU,MCO,4
2008,WN,SAN,AUS,2
1991,US,PIT,ISP,30
1992,US,DCA,MCI,5
2001,US,CLT,BNA,59
2007,WN,ABQ,MCO,2
2007,WN,BHM,BWI,3
2007,WN,BWI,MHT,11
2007,WN,LAS,RDU,1
2008,WN,LIT,DAL,7
2008,WN,RNO,LAS,13
2008,WN,SJC,SNA,8
1987,PS,SJC,BUR,52
1988,PS,BUR,SFO,80
1990,US,SAN,PSP,30
2003,UA,DEN,MSY,6
2003,UA,DEN,COS,29
2005,UA,SMF,ORD,21
2006,US,BNA,CLT,6
2006,US,PHL,ORD,7
2007,WN,AUS,PHX,4
2007,WN,LAX,SLC,4
2008,WN,MDW,OMA,6
2008,WN,ONT,PHX,12
1992,US,MCI,SAN,25
2003,UA,ORD,SAT,25
2006,US,PHL,MIA,5
2006,US,PHX,DFW,5
2007,WN,BWI,RSW,2
2007,WN,BWI,TPA,7
2007,WN,LAS,BOI,2
2008,WN,MDW,CLE,7
2008,WN,PHL,JAX,2
1992,US,ATL,PHL,18
2003,UA,DEN,CLE,6
2003,UA,ORD,GEG,25
2006,US,CLT,MSY,4
2006,US,PIT,PHX,3
2006,US,SFO,CLT,3
2007,WN,SMF,PHX,6
2007,WN,BWI,DTW,4
2007,WN,DAL,MCI,6
2007,WN,DTW,BWI,4
2007,WN,LBB,DAL,8
2008,WN,LAS,BHM,1
2008,WN,OKC,STL,2
2008,WN,ONT,OAK,12
2008,WN,PVD,PHL,5
2003,UA,BOS,IAD,31
2004,UA,LAX,DEN,37
2006,US,BTV,PHL,4
2007,WN,TPA,IND,1
2007,WN,BNA,CLE,4
2007,WN,BNA,SEA,1
2007,WN,HOU,PHL,2
2008,WN,SAT,DAL,15
1989,UA,LAX,DEN,6
1991,US,LAX,SFO,30
2003,UA,DEN,OKC,25
2005,UA,ORD,SAT,26
2005,UA,PIT,ORD,31
2006,US,PHL,BWI,3
2007,WN,ELP,LAS,2
2007,WN,MCO,CMH,2
2007,WN,MDW,LIT,1
2008,WN,PVD,MCO,6
1991,US,CLT,EWR,21
1992,US,SMF,LAX,24
1997,HP,AUS,PHX,92
2002,US,PIT,BNA,26
2002,US,SJU,CLT,8
2003,UA,ORD,PHX,6
2004,UA,CLT,DEN,6
2004,UA,IAD,MCO,25
2006,US,CLT,RIC,8
2006,US,MCI,PHX,3
2006,US,OAK,PHX,5
2006,US,RSW,DCA,3
2007,WN,STL,PHX,6
2007,WN,LAX,ABQ,4
2008,WN,SJC,LAX,14
1989,UA,MCI,ORD,27
1993,US,LAX,PIT,30
1994,US,CLT,BNA,30
1999,WN,ABQ,PHX,389
2002,US,RDU,PIT,23
2002,US,CLT,DTW,26
2003,UA,OAK,ORD,6
2003,UA,SJC,ORD,31
2004,UA,SLC,ORD,25
2006,US,CMH,PHX,4
2006,US,FLL,BOS,2
2006,US,LAS,CLT,3
2006,US,LAS,ORD,3
2006,US,PHX,STL,3
2007,WN,BWI,ABQ,1
2007,WN,ELP,SAT,4
2008,WN,MDW,OAK,5
2008,WN,OAK,SLC,5
2008,WN,PHL,PVD,5
2008,WN,SDF,MDW,5
1992,US,FLL,PHL,31
2003,UA,IAH,DEN,25
2006,US,CLT,DCA,18
2007,WN,HOU,BWI,4
2007,WN,JAX,IND,1
2007,WN,LAS,TUS,6
2008,WN,SAT,BWI,2
1992,US,RIC,PIT,6
1992,US,CLT,CHA,4
1993,US,IND,BWI,24
1994,US,BOS,DCA,27
2003,UA,SFO,SAN,78
2004,UA,DTW,ORD,25
2006,US,LAS,ONT,2
2006,US,PHX,SFO,5
2007,WN,IAD,LAS,1
2007,WN,MCO,DTW,1
2008,WN,PHL,MCO,7
1987,PS,MFR,SFO,20
1989,UA,IAH,MSY,26
1990,US,LAS,BUR,29
2003,UA,MIA,ORD,6
2005,UA,ORD,SLC,30
2006,US,BDL,PIT,2
2006,US,BOI,PHX,4
2007,WN,ABQ,LBB,1
2008,WN,LAS,PDX,4
1988,PS,LAS,SAN,46
1991,US,CHS,CLT,24
1992,US,MSP,PIT,31
2004,UA,ORD,MCI,31
2006,US,BOS,SJU,2
2006,US,EWR,LAS,3
2006,US,PVD,DCA,4
2006,US,CLE,LAS,1
2007,WN,TPA,ALB,1
2007,WN,ABQ,HOU,3
2008,WN,LAS,HOU,4
2008,WN,MCO,STL,4
1991,US,LAX,TPA,10
2003,UA,ORD,SNA,6
2006,US,LAX,PHX,10
2006,US,MIA,PHX,1
1987,PS,LAX,PHX,5
1988,PS,OAK,SAN,91
1994,US,STL,LGA,3
2007,WN,MDW,HOU,6
2008,WN,PHX,MCO,1
1990,US,PSP,SAN,31
1991,US,MYR,CLT,27
1993,US,MCO,PIT,59
1993,US,LGA,GSP,26
1995,US,PIT,PHL,313
1998,HP,BWI,PHX,31
1998,HP,DEN,PHX,206
2001,US,PHL,CLT,61
2003,UA,PVD,ORD,25
2006,US,CLT,LAX,8
2006,US,CLT,STT,2
2007,WN,TPA,JAX,2
2007,WN,AUS,BWI,2
2007,WN,BNA,BDL,1
2007,WN,LBB,LAS,1
2008,WN,JAX,PHL,2
2008,WN,LAS,OAK,14
2008,WN,ORF,TPA,1
1989,UA,SEA,DEN,31
1990,US,PIT,SAN,31
1992,US,BUF,PIT,31
1996,US,CLT,PHX,62
2004,UA,DFW,ORD,31
2005,UA,ORD,SMF,5
2005,UA,DEN,MCI,31
2006,US,EWR,PHX,8
2006,US,PHX,ANC,1
2006,US,PHX,MKE,2
2006,US,RDU,DCA,1
2007,WN,STL,MCO,4
2007,WN,LAS,ORF,1
2008,WN,PDX,SMF,7
2008,WN,SAN,BNA,2
2000,WN,BUR,PHX,197
2003,UA,SEA,SFO,6
2004,UA,MSP,ORD,21
2005,UA,ORD,BUF,5
2007,WN,HOU,DEN,2
2007,WN,LIT,DAL,7
1988,PI,EWR,ORF,5
1988,PI,CLT,LEX,5
1991,US,PIT,BOS,28
1992,US,IND,DCA,25
1992,US,PIT,MCO,31
1993,US,PIT,EWR,20
2002,US,PHL,DFW,31
2006,US,PHX,AUS,2
2007,WN,AUS,SAN,2
2007,WN,BWI,PVD,12
2007,WN,DEN,MCO,2
2008,WN,MDW,STL,12
2008,WN,OKC,PHX,3
1987,PS,OAK,BUR,53
1987,PS,TUS,LAX,20
1989,UA,OGG,SFO,29
1990,US,PIT,BUF,29
2002,US,BOS,PHL,31
2003,UA,DTW,DEN,50
2004,UA,ORD,MHT,31
2005,UA,SFO,PDX,53
2005,UA,RIC,ORD,26
2006,US,CLT,PIT,12
2006,US,PHX,BDL,1
2006,US,PIT,LGA,4
2006,US,PIT,MCO,4
2006,US,PIT,PHL,9
2007,WN,STL,LIT,2
2007,WN,AMA,LAS,1
2007,WN,HOU,HRL,9
2008,WN,OAK,ONT,12
1989,UA,DEN,ORD,227
1989,UA,ORD,PHX,3
1991,US,ISP,PIT,7
2000,HP,BWI,PHX,93
2006,US,BTV,DCA,2
2006,US,CMH,LAS,3
2006,US,ORD,PHX,5
2006,US,ORD,PIT,4
2007,WN,BNA,ONT,1
2007,WN,ELP,LAX,3
2007,WN,HOU,LAX,4
2007,WN,LAS,BWI,3
2007,WN,MAF,AUS,2
1992,US,PIT,ABE,24
1997,UA,DEN,PHX,260
2002,US,PIT,DAY,31
2003,UA,BOS,DEN,25
2006,US,CLT,MCI,2
2006,US,CLT,MHT,4
2006,US,PHX,OAK,4
2007,WN,FLL,BWI,5
2007,WN,MCO,MHT,4
2008,WN,ONT,SMF,12
1988,PS,SFO,LAX,96
1990,US,SFO,PSP,31
1994,US,MDT,PIT,29
1994,US,HPN,PIT,4
2006,US,CLT,PVD,10
2006,US,DFW,DCA,6
2007,WN,BOI,GEG,3
2007,WN,FLL,PHL,3
2008,WN,LAX,SMF,10
2008,WN,LIT,PHX,1
2008,WN,MCI,DAL,6
2008,WN,MCO,PVD,6
2008,WN,PHX,ONT,12
2008,WN,PHX,SAN,14
1990,US,PSP,SFO,30
1991,US,GSO,EWR,29
1997,WN,AUS,PHX,122
2001,US,DTW,CLT,31
2002,US,CLT,CHS,4
2003,UA,TPA,DEN,6
2007,WN,SMF,PDX,5
2007,WN,LAX,SMF,10
2008,WN,MHT,PHX,1
2008,WN,ORF,MDW,2
2008,WN,PHX,BWI,4
1987,PS,OAK,SFO,23
1993,US,EWR,BUF,3
1993,US,PIT,ABE,60
2005,UA,ROC,ORD,31
2005,UA,ORD,DFW,31
2006,US,DCA,IAH,2
2006,US,PHL,MHT,3
2006,US,PHL,RIC,2
2006,US,SEA,PHL,2
2007,WN,JAN,MDW,2
2007,WN,LAS,BNA,4
2007,WN,LAS,PHX,19
2008,WN,ISP,MDW,4
2008,WN,LAS,LIT,1
1989,UA,EWR,ORD,50
1989,UA,PHL,DEN,3
1990,US,SFO,SEA,29
1994,US,BOS,PIT,27
2006,US,CLT,BUF,8
2008,WN,IND,PHX,2
2008,WN,MDW,RDU,4
2008,WN,SJC,LAS,9
1993,US,LGA,CLE,24
2000,HP,BOS,PHX,123
2002,US,CLT,RIC,4
2004,UA,LAX,DFW,31
2005,UA,SAN,ORD,57
2006,US,DCA,JAX,6
2006,US,LAS,MSP,2
2006,US,LAS,PIT,2
2006,US,PHL,LAX,3
2006,US,PHL,MCI,1
2006,US,PHX,BUR,3
2006,US,PHX,FLL,2
2007,WN,MCO,BUF,2
2008,WN,PHL,CMH,3
1993,US,TPA,LGA,31
1993,US,BWI,SFO,26
2004,UA,ORD,IND,31
2005,UA,LAX,OAK,30
2006,US,DEN,PHX,14
2007,WN,TPA,IAD,2
2007,WN,TPA,ISP,3
2008,WN,LAX,SLC,5
2008,WN,MCO,IND,2
2008,WN,ONT,SJC,9
1989,UA,PHL,ORD,30
1990,US,PIT,IAH,30
1995,US,SYR,PHL,13
2006,US,DFW,LAS,7
2006,US,MCO,PHL,8
2007,WN,IAD,MDW,7
2007,WN,MCO,BWI,9
2008,WN,LAX,RNO,3
2008,WN,MCO,SDF,2
1991,US,PHF,PIT,20
1995,US,STL,PHL,62
2002,US,SFO,PIT,31
2006,US,LAS,SFO,7
2007,WN,LAX,ELP,3
2008,WN,LAS,MHT,1
2008,WN,MDW,SLC,2
2008,WN,PHX,SDF,1
2008,WN,RSW,PHL,1
1996,WN,BUR,PHX,207
2001,US,PHL,IND,31
2002,US,CLT,FLL,7
2006,US,DCA,BNA,2
2006,US,MCI,DCA,1
2006,US,PHL,RSW,3
2006,US,PHL,SYR,1
2006,US,PHX,OMA,2
2007,WN,ALB,BWI,7
2007,WN,BWI,MSY,1
2007,WN,ISP,MDW,7
2008,WN,LAS,SLC,8
2008,WN,PBI,PHL,2
2008,WN,PIT,MCO,3
1989,UA,SFO,IAH,30
1989,UA,DEN,FAT,30
1991,US,PIT,BTV,7
1991,US,EWR,BOS,52
1997,HP,COS,PHX,119
2001,US,BUF,PIT,27
2005,UA,PIT,DEN,26
2006,US,BOS,LAS,6
2006,US,PHL,DCA,2
2007,WN,TPA,PBI,3
2007,WN,HOU,FLL,2
2007,WN,MAF,ELP,1
2008,WN,MCI,ABQ,2
2008,WN,OKC,LAS,1
2008,WN,PHX,LAS,18
1987,PS,SAN,LAS,4
1989,UA,HNL,KOA,31
2006,US,BOS,LGA,32
2006,US,SJU,BOS,1
2007,WN,BUF,BWI,7
2007,WN,LAX,BWI,2
2008,WN,RNO,SLC,1
1987,PS,BUR,SJC,22
1989,UA,ORF,ORD,1
1990,US,MCO,PIT,30
1992,US,RSW,CLT,24
1993,US,DFW,PIT,31
1994,US,STL,PHL,3
2002,US,CLT,MCI,27
2007,WN,BDL,PHL,3
2007,WN,BUF,PHX,1
2007,WN,BWI,LAS,3
2007,WN,LAS,TPA,1
2008,WN,IAD,TPA,2
2008,WN,MCO,AUS,1
2008,WN,RDU,BNA,5
1988,PI,SYR,BOS,52
1991,US,EWR,BUF,31
2004,UA,ORD,DTW,25
2006,US,DCA,CLT,18
2007,WN,AUS,MAF,2
2007,WN,DAL,MAF,6
2007,WN,LAX,TUS,5
2007,WN,LBB,AUS,2
2007,WN,MCI,SEA,1
2008,WN,MDW,CMH,8
2008,WN,SJC,PDX,4
1987,PS,LAX,RNO,4
1990,US,TPA,PIT,30
1991,US,PIT,TPA,24
1992,US,AVP,PIT,25
1992,US,SBN,DAY,6
1993,US,PIT,DCA,57
1994,US,CLT,CAE,27
1994,US,ORD,CLT,31
1994,US,IAH,PIT,31
2002,US,ORF,CLT,31
2006,US,DTW,PHX,8
2006,US,LAS,DTW,2
2007,WN,HOU,AUS,8
2007,WN,LAX,HOU,4
2008,WN,PHX,DEN,6
1987,PS,SFO,BUR,75
1996,UA,DEN,PHX,285
1998,WN,AUS,PHX,103
2001,US,CLT,JAX,31
2003,UA,OKC,DEN,25
2005,UA,BOS,DEN,26
2006,US,CLE,PHX,4
2006,US,LAS,PHX,12
2007,WN,DTW,STL,3
2007,WN,LAS,MDW,11
2008,WN,MCO,ORF,2
2008,WN,PDX,MCI,1
2008,WN,RDU,MDW,4
1992,US,CLT,PHL,6
1994,US,MCI,IND,23
2001,US,PIT,PVD,6
2002,US,PIT,SFO,30
2004,UA,DEN,DFW,6
2004,UA,IND,DEN,25
2006,US,LAS,CMH,1
2007,WN,STL,ABQ,1
2007,WN,DAL,LBB,8
2008,WN,LAS,MCI,6
2008,WN,LAS,MDW,12
2008,WN,PHX,BHM,1
2008,WN,RNO,PDX,4
1990,US,PIT,BOS,30
1993,US,DTW,PIT,29
1994,US,PIT,ERI,4
2006,US,DCA,RDU,2
2006,US,PHL,DFW,5
2007,WN,LIT,PHX,1
2008,WN,LAS,BWI,3
2008,WN,LAS,OKC,1
2008,WN,MCI,TPA,2
2008,WN,MDW,ISP,4
1988,PS,BUR,OAK,122
1991,US,PHL,ORF,24
1993,US,PIT,BDL,29
1993,US,ROC,PHL,29
1994,US,CLE,PIT,31
2002,US,PHL,BOS,31
2004,UA,DFW,DEN,6
2005,UA,GEG,DEN,5
2007,WN,GEG,OAK,1
2007,WN,HOU,BHM,2
2008,WN,MCO,ABQ,2
2008,WN,MDW,RNO,1
1987,PS,BUR,LAS,65
1994,US,DCA,ROC,27
2001,US,CLT,GSO,31
2003,UA,DEN,IAD,6
2004,UA,LAS,DEN,25
2005,UA,SLC,DEN,5
2006,US,FLL,LGA,4
2007,WN,STL,OMA,3
2007,WN,AUS,BNA,3
2007,WN,BNA,BHM,2
2007,WN,BWI,BHM,3
2007,WN,CMH,STL,1
2007,WN,LAS,PVD,1
2007,WN,MCO,SDF,1
2008,WN,SEA,BNA,1
1988,PI,GSO,BWI,53
1991,US,PIT,BWI,30
1999,US,STX,PHL,31
2001,US,BWI,CLT,15
2002,US,PIT,CMH,26
2003,UA,PHL,ORD,50
2004,UA,MHT,ORD,12
2004,UA,DEN,ATL,31
2005,UA,DEN,LAX,30
2006,US,DCA,ATL,4
2006,US,LAS,EWR,1
2006,US,MCI,PHL,1
2007,WN,SMF,SEA,4
2007,WN,ABQ,SLC,1
2007,WN,JAX,PHL,2
2008,WN,PHX,PIT,1
2008,WN,RNO,PHX,3
2008,WN,SJC,RNO,4
1987,PS,SMF,BUR,30
1988,PI,ORF,BWI,30
1992,US,CLT,RDU,25
1997,HP,DEN,PHX,178
2002,US,PIT,PVD,5
2006,US,BWI,CLT,16
2006,US,BWI,LAS,3
2006,US,CLT,CMH,6
2006,US,LAS,PDX,2
2006,US,SFO,PHL,2
2006,US,ALB,PHL,2
2007,WN,BWI,CLE,5
2007,WN,DAL,TUL,7
2007,WN,DEN,BNA,1
2008,WN,PHL,PIT,7
1991,US,CLT,DCA,31
2004,UA,ORD,MSP,51
2004,UA,ORD,PHL,25
2005,UA,DEN,BOI,31
2006,US,CLT,ORD,10
2006,US,CLT,ROC,2
2007,WN,BNA,SAT,2
2007,WN,ELP,LBB,1
2008,WN,RSW,BWI,2
1987,PS,LAX,SJC,19
1991,US,MCO,PIT,31
1991,US,SYR,EWR,21
1992,US,PIT,LAX,31
1992,US,DCA,IND,6
1994,US,MCO,CLT,31
1999,AA,SJU,PHL,63
2002,US,CLT,STL,31
2005,UA,SAT,ORD,26
2005,UA,BOI,DEN,9
2007,WN,AMA,DAL,8
2007,WN,DAL,HOU,29
2007,WN,MDW,CLE,8
1990,US,CLE,PHL,27
2006,US,JAX,CLT,7
2006,US,PHX,IAD,2
2007,WN,FLL,MDW,5
2008,WN,PHX,BUF,1
1991,US,BOS,ROC,25
1992,US,ALB,BWI,27
2004,UA,OAK,DEN,1
2005,UA,SFO,SLC,31
2006,US,CLT,SYR,2
2006,US,SFO,PHX,5
2006,US,TPA,PIT,2
2007,WN,STL,DTW,2
2007,WN,JAX,BNA,4
2007,WN,MDW,LAS,11
2008,WN,ISP,MCO,6
2008,WN,LAS,MAF,1
1988,PS,LAX,LAS,28
1990,US,CMH,IND,27
1990,US,PIT,ALB,26
1994,US,DCA,CLT,27
1999,US,TPA,PHL,235
2003,UA,ORD,PHL,25
2006,US,PIT,LAS,2
2007,WN,ISP,MCO,5
2007,WN,MCO,RSW,3
2008,WN,LAS,SDF,1
2008,WN,MCO,SAT,2
1988,PS,LAS,BUR,45
1989,UA,SFO,HNL,69
1991,US,MCI,PIT,6
1992,US,SAN,LAX,23
1994,US,MCO,LGA,30
1999,US,SEA,PHL,62
1999,DL,ATL,PHX,62
2002,US,RDU,CLT,59
2003,UA,DFW,SFO,25
2007,WN,HOU,MDW,6
2007,WN,MDW,IAD,7
2008,WN,ISP,FLL,3
2008,WN,ONT,BNA,1
2008,WN,PIT,MDW,6
2008,WN,SAT,SAN,1
1990,US,FLL,PHL,29
2001,US,CHS,DCA,30
2003,UA,ORD,BTV,25
2006,US,MCO,CLT,9
2006,US,MCO,PHX,2
2006,US,PHX,CLE,2
2008,WN,LAX,ELP,3
2008,WN,PHL,TPA,4
2008,WN,PHX,MDW,8
1987,PS,SFO,SCK,4
1994,US,BOS,EWR,52
1994,US,SYR,PIT,31
1995,US,RDU,PHL,120
1996,AA,DFW,PHX,308
2001,US,PHL,MIA,31
2005,UA,SJC,DEN,5
2006,US,DEN,PIT,4
2006,US,PHX,ATL,4
2007,WN,STL,SLC,2
2007,WN,BOI,PHX,1
2007,WN,CMH,BWI,5
2007,WN,DAL,OKC,5
2007,WN,JAN,HOU,4
2008,WN,LAS,PHX,18
2008,WN,LAS,SJC,9
2008,WN,MDW,SJC,2
2008,WN,OKC,DAL,5
1991,US,LAS,SFO,5
1992,US,GNV,CLT,4
1992,US,PHX,TUS,23
1995,US,SRQ,PHL,31
1999,TW,STL,PHL,174
2001,US,PIT,MSP,27
2002,US,GSO,PIT,4
2003,UA,ORD,MIA,31
2004,UA,SFO,DFW,6
2006,US,CLT,RSW,8
2007,WN,TPA,PHX,1
2007,WN,TUL,HOU,3
2007,WN,BNA,HOU,5
2007,WN,ELP,AUS,4
2008,WN,MDW,SAN,5
2008,WN,MSY,DAL,6
2008,WN,MSY,HOU,11
2008,WN,PHL,MHT,6
1989,UA,MSY,IAH,27
1994,US,BTV,PHL,3
2002,US,MCI,PIT,31
2006,US,PHL,BTV,1
2006,US,RIC,PHL,2
2007,WN,AUS,HOU,8
2007,WN,FLL,TPA,9
2007,WN,GEG,PDX,4
2008,WN,PHX,PVD,1
2008,WN,SAT,LAS,4
2008,WN,SEA,MDW,3
1988,PI,SYR,BWI,23
1990,US,IND,LAX,62
1992,US,PIT,LGA,10
1994,US,PIT,MDW,31
1994,US,MHT,PIT,3
2002,US,BOS,PIT,23
2003,UA,MCI,ORD,54
2004,UA,PIT,ORD,25
2006,US,BOS,PHX,6
2006,US,LAS,PHL,5
2006,US,PHL,PBI,4
2006,US,PIT,CLT,6
2007,WN,MCI,MCO,3
2008,WN,LAS,PVD,1
2008,WN,PIT,TPA,1
1988,PI,CHS,ORF,26
1990,US,SAN,PIT,31
1992,US,PHL,BUF,4
2003,UA,SJC,DEN,50
2004,UA,SAT,DEN,31
2006,US,PHX,RNO,4
2007,WN,LAX,AUS,1
2008,WN,LAX,MCI,4
2008,WN,MDW,DEN,6
2008,WN,SEA,GEG,4
1991,US,CLE,LAS,5
2002,US,ATL,CLT,31
2004,UA,ORD,CVG,25
2006,US,PHL,PWM,1
2007,WN,SNA,LAS,4
2007,WN,TPA,PHL,3
2007,WN,BDL,MDW,3
2007,WN,IND,MDW,4
2008,WN,LIT,STL,2
2008,WN,MDW,LIT,1
1992,US,DCA,GSO,22
1993,US,LGA,FLL,23
1994,US,PIT,FLL,26
2000,HP,BUR,PHX,145
2003,UA,ORD,IAD,6
2005,UA,ORD,SJC,5
2005,UA,SNA,ORD,25
2006,US,PHX,SJC,6
2007,WN,MCI,ABQ,2
2008,WN,MDW,SFO,3
2008,WN,PHX,ABQ,11
2008,WN,PHX,OMA,3
2008,WN,RDU,BWI,6
2008,WN,SAN,LAS,14
1989,UA,ORD,PDX,27
1991,US,PIT,GSO,6
1991,US,BNA,PIT,24
1991,US,SAN,SJC,6
1993,US,MIA,PIT,26
1994,US,CLT,ORF,20
1994,US,PHL,TPA,31
1994,US,TPA,BOS,4
1996,HP,DEN,PHX,177
2000,HP,DEN,PHX,178
2001,US,BOS,ROC,27
2002,US,PBI,BWI,5
2005,UA,PHL,DEN,5
2006,US,DTW,LAS,4
2006,US,MYR,CLT,5
2006,US,PDX,LAS,2
2006,US,PHX,SNA,7
2007,WN,IND,MCO,1
2008,WN,MCI,SEA,1
2008,WN,OAK,TUS,1
2001,US,PIT,IAD,25
2002,US,BWI,CLT,27
2005,UA,ORD,BOS,57
2006,US,BDL,DCA,10
2007,WN,MDW,BHM,2
2008,WN,MAF,AUS,2
2008,WN,MCI,LAS,6
2008,WN,MCI,SMF,1
2008,WN,MSY,TPA,3
2008,WN,PHX,SEA,3
1989,UA,DEN,LAX,31
1993,US,BWI,IND,30
2004,UA,ORD,PBI,29
2006,US,BWI,PHL,6
2006,US,IAH,PHX,5
2006,US,PHL,JAX,4
2006,US,PHX,PIT,3
2007,WN,LAS,HOU,4
2008,WN,OAK,GEG,2
1991,US,PIT,ROC,29
1991,US,PIT,MDT,26
1993,US,PVD,PIT,31
1995,US,SFO,PHL,58
1996,DL,CVG,PHX,126
2002,US,IND,CLT,31
2003,UA,DEN,ATL,25
2004,UA,DEN,OAK,33
2004,UA,ORD,FLL,25
2006,US,DCA,LGA,32
2006,US,PHL,PVD,5
2007,WN,SNA,SMF,7
2007,WN,HOU,OAK,1
2008,WN,MCO,IAD,2
2008,WN,MCO,MDW,8
2008,WN,MDW,BUF,3
2008,WN,RNO,LAX,3
2008,WN,SAN,MCI,2
1988,PS,SFO,BUR,56
1989,UA,DEN,HNL,27
1989,UA,BWI,ORD,29
1994,US,MIA,LGA,30
2002,US,RDU,LGA,26
2006,US,PHX,EWR,4
2007,WN,TPA,BNA,4
2007,WN,DAL,ABQ,7
2008,WN,LAS,PHL,2
2008,WN,MCI,TUL,3
2008,WN,MCO,BNA,5
2008,WN,MHT,MCO,5
1989,UA,HNL,LAX,66
1990,US,PIT,SFO,119
2004,UA,CMH,DEN,6
2005,UA,PDX,DEN,26
2006,US,FLL,PHX,3
2006,US,OMA,PHX,2
2007,WN,JAX,HOU,1
2007,WN,MCO,PHX,1
2008,WN,SEA,BOI,3
1987,PS,LAX,SFO,210
1988,PI,LYH,CHO,26
1989,UA,ORD,BOS,27
1989,UA,RIC,ORD,30
2001,US,PIT,AVP,31
2001,US,BUF,CLT,30
2001,US,DTW,PIT,24
2003,UA,PHX,DEN,25
2003,UA,SFO,RNO,25
2003,UA,SYR,ORD,6
2004,UA,MCO,IAD,25
2006,US,SYR,DCA,2
2007,WN,CLE,MDW,8
2007,WN,LAS,SEA,3
1989,UA,ORD,SDF,3
1992,US,EWR,IND,24
1993,US,PIT,IND,30
2001,US,PHL,DCA,31
2004,UA,ORD,PDX,37
2006,US,BOS,CLT,18
2006,US,EWR,CLT,14
2006,US,PIT,BDL,1
2006,US,SAN,PHL,2
2007,WN,SNA,PHX,8
2007,WN,DEN,BWI,2
2007,WN,LAS,IAD,1
2007,WN,LAS,SDF,1
2008,WN,MCO,MSY,4
2008,WN,MDW,FLL,5
1996,HP,CMH,PHX,124
2006,US,CLT,JAX,14
2006,US,IND,CLT,3
2006,US,ROC,PHL,1
2007,WN,CLE,STL,2
2007,WN,LAS,MCO,1
2008,WN,MCI,SAN,2
2008,WN,PDX,RNO,4
2008,WN,PVD,MDW,4
1987,PS,BUR,OAK,81
2002,US,CLT,ATL,31
2005,UA,MHT,ORD,31
2005,UA,DEN,SNA,26
2007,WN,LAS,SMF,7
2008,WN,LAS,BUF,1
2008,WN,MDW,PDX,2
1989,UA,ORD,EWR,25
1994,US,ORF,EWR,25
1995,UA,SFO,PHL,31
2002,US,MHT,CLT,26
2003,UA,ORD,MDT,31
2006,US,FLL,EYW,6
2006,US,LAS,MCO,1
2006,US,PIT,PBI,1
2007,WN,IND,BWI,3
2007,WN,LAS,ONT,10
2007,WN,MCI,SAN,2
2008,WN,LAS,IAD,1
2008,WN,MDW,BHM,2
2008,WN,SJC,PHX,6
1990,US,MSY,PIT,26
1992,US,MCO,PIT,30
2006,US,OGG,PHX,1
2007,WN,BNA,RDU,5
2007,WN,BWI,JAX,3
2008,WN,OAK,SAN,18
2008,WN,PHX,SMF,7
2008,WN,SEA,MCI,1
2008,WN,SEA,RNO,2
1992,US,ALB,LGA,23
1993,US,BTV,PHL,30
1994,US,PHL,ROC,4
1999,US,RIC,PHL,4
2001,US,STL,CLT,31
2006,US,CLT,BDL,12
2006,US,PHL,BOS,16
2006,US,RDU,PHL,4
2007,WN,ABQ,TUS,2
2007,WN,BHM,TPA,2
2007,WN,MCO,AUS,1
2008,WN,MDW,BDL,3
1992,US,JAX,CLT,25
2003,UA,PIT,ORD,25
2003,UA,TUS,DEN,25
2005,UA,DSM,ORD,23
2006,US,DEN,LAS,8
2006,US,FLL,MCO,2
2006,US,LAS,SEA,4
2006,US,ONT,LAS,2
2007,WN,LAS,ALB,1
2007,WN,MDW,CMH,7
2008,WN,SEA,PHX,3
1991,US,TLH,MCO,21
1991,US,PIT,MDW,30
1991,US,CRW,PIT,7
1993,US,BWI,PHX,24
1994,US,GSO,DCA,25
1994,US,LAX,PIT,16
2001,US,AVP,PIT,31
2002,US,PIT,LGA,30
2003,UA,SFO,SEA,31
2004,UA,DEN,MCI,31
2006,US,TPA,CLT,8
2008,WN,LAX,AUS,1
1991,US,IND,MCI,29
1991,US,EWR,PIT,24
1995,US,ROC,PHL,120
1995,AA,SJU,PHL,93
2002,US,STL,PIT,31
2002,US,PHL,MCI,24
2004,UA,SEA,DEN,25
2005,UA,DEN,BOS,35
2006,US,IAD,PHX,2
2006,US,LAS,RNO,1
2006,US,LGA,BOS,16
2006,US,PIT,LAX,1
2007,WN,STL,DAL,5
2007,WN,BOI,SLC,3
2007,WN,BWI,BUF,7
2007,WN,FLL,BNA,2
2007,WN,HOU,SAT,10
2007,WN,LAS,BDL,1
2008,WN,MDW,PHL,8
2008,WN,OAK,BNA,1
1988,PS,LAX,SAN,13
1989,UA,FLL,ORD,1
1990,US,MDT,PIT,30
1991,US,TPA,LAX,31
2006,US,CLT,PHX,8
2008,WN,PIT,PHX,1
1988,PS,OAK,BUR,105
1989,UA,ORD,OMA,28
1992,US,PIT,HTS,3
2002,US,CLE,CLT,31
2003,UA,IND,DEN,32
2004,UA,TPA,ORD,25
2005,UA,SEA,LAX,5
2006,US,CLT,LGA,18
2006,US,DCA,PWM,2
2006,US,CLT,SAN,1
2007,WN,IAD,TPA,2
2008,WN,ISP,TPA,3
1991,US,EWR,SYR,20
1991,US,ICT,MCI,6
1992,US,LAX,SFO,29
2000,UA,DEN,PHX,259
2002,US,PHL,DTW,31
2006,US,CLT,MCO,18
2006,US,FLL,DCA,10
2007,WN,AUS,LAX,1
2007,WN,MCO,PHL,7
2008,WN,LAS,ISP,1
2008,WN,LAS,SAN,14
2008,WN,LBB,DAL,8
1987,PS,BUR,SMF,23
1989,UA,EWR,LAX,31
1989,UA,OMA,ORD,26
1990,US,BDL,PIT,31
1992,US,DFW,PHL,22
1995,TW,STL,PHL,155
2006,US,BDL,CLT,12
2006,US,BOS,PIT,6
2006,US,PIT,MIA,1
2007,WN,STL,CMH,1
2007,WN,ALB,MCO,3
2008,WN,LAS,ELP,2
2008,WN,ORF,JAX,2
2008,WN,PIT,LAS,2
2008,WN,SAT,ELP,4
1992,US,PIT,FLL,30
1992,US,TPA,CLT,6
2005,UA,ORD,CLE,61
2005,UA,PDX,ORD,5
2006,US,CLT,TPA,16
2006,US,IND,DCA,2
2006,US,LAX,PHL,3
2007,WN,BUR,PHX,10
2007,WN,DEN,LAS,7
2007,WN,HRL,SAT,2
2007,WN,MCI,BNA,4
2008,WN,LBB,ABQ,1
2008,WN,OMA,LAS,3
1987,PS,SFO,LAX,100
1988,PI,LGA,SYR,29
1989,UA,MKE,ORD,23
1995,UA,ORD,PHL,113
2003,UA,SFO,EUG,6
2006,US,DCA,BOS,30
2006,US,PHL,BNA,1
2006,US,PIT,TPA,2
2007,WN,ALB,TPA,1
2007,WN,LAS,MSY,1
1988,PI,BGM,BWI,26
1989,UA,PHL,SFO,29
2001,US,PIT,MCI,31
2002,US,PIT,CLT,23
2002,US,CLT,EWR,5
2003,UA,DEN,MCO,6
2005,UA,MCI,DEN,18
2006,US,PHX,BOS,3
2007,WN,LAS,RNO,13
2008,WN,JAX,ORF,2
2008,WN,LAS,BNA,4
1988,PS,LAX,OAK,23
1989,UA,ORD,DTW,61
1990,US,DCA,IND,31
1992,US,LGA,PIT,22
2006,US,PIT,ORD,4
2007,WN,TPA,BHM,2
2007,WN,ABQ,DAL,7
2007,WN,CMH,MDW,7
2008,WN,OKC,BWI,1
1987,PS,SFO,RNO,29
1989,UA,IAH,SFO,31
1989,UA,OMA,DEN,29
1990,US,PIT,MCO,29
1992,US,ROC,LGA,6
1993,US,PHL,JAX,60
1994,US,PIT,MCI,30
2000,US,CLT,PHX,31
2002,US,PHL,FLL,31
2003,UA,AUS,DEN,6
2004,UA,ATL,ORD,27
2006,US,DCA,LAS,2
2006,US,ELP,PHX,4
2006,US,HNL,PHX,1
2007,WN,TUS,MDW,1
2007,WN,ABQ,PHX,11
2007,WN,LAS,AMA,1
2007,WN,LAX,BNA,3
2007,WN,LAX,OAK,22
2007,WN,MCO,BHM,2
2007,WN,MDW,BDL,3
2008,WN,LAS,PIT,2
2008,WN,MDW,DTW,8
2008,WN,SAT,PHX,4
1987,PS,LAX,OAK,33
1988,PI,CHO,LGA,26
1991,US,BWI,FAY,30
1992,US,MDT,PIT,49
1992,US,PIT,BWI,5
2002,US,MCO,PIT,31
2002,US,MSY,CLT,31
2004,UA,ORD,SAN,31
2006,US,CHS,CLT,6
2006,US,RDU,CLT,6
2007,WN,TUL,STL,2
2007,WN,BWI,STL,4
2007,WN,DAL,LIT,7
2007,WN,HOU,MAF,2
2007,WN,LAS,PIT,2
2007,WN,MDW,MCI,6
2008,WN,SAN,ABQ,3
1991,US,PWM,PHL,31
1993,US,DCA,IND,30
1997,HP,BUR,PHX,124
2004,UA,DEN,SMF,5
2005,UA,SEA,SFO,58
2005,UA,IND,ORD,5
2006,US,DFW,CLT,6
2006,US,PVD,CLT,5
2007,WN,BWI,SAT,2
2008,WN,OAK,LAS,14
2008,WN,PDX,PHX,3
2008,WN,PHX,DTW,1
1987,PS,BUR,SFO,48
1993,US,CLT,CAK,29
1994,US,CLT,FAY,27
1996,HP,ATL,PHX,62
2002,US,FLL,CLT,24
2003,UA,DAY,ORD,25
2004,UA,DEN,SJC,31
2007,WN,TUL,PHX,3
2007,WN,BWI,ORF,5
2007,WN,JAX,FLL,6
2007,WN,MCO,MSY,3
2007,WN,MDW,ALB,2
2008,WN,LAS,MSY,2
2008,WN,PIT,BWI,3
1990,US,DCA,PIT,28
1994,US,STL,CLT,3
1994,US,TRI,CLT,22
1995,US,ORF,PHL,89
2002,US,PHL,CLE,26
2006,US,BNA,DCA,2
2006,US,PHX,IND,2
2006,US,ANC,PHX,1
2007,WN,HRL,HOU,9
2007,WN,LAS,SJC,7
2008,WN,ISP,PBI,3
2008,WN,ORF,BWI,5
2008,WN,PHL,LAS,2
2008,WN,PHX,LIT,1
2008,WN,SJC,SEA,4
1988,PI,BWI,BGM,30
1991,US,FLL,TPA,31
1994,US,FLL,TPA,4
2002,US,TPA,PIT,31
2004,UA,MSY,LAX,25
2006,US,CLT,MYR,10
2006,US,DTW,CLT,4
2006,US,MKE,PHX,2
2007,WN,BNA,MCO,5
2007,WN,LAS,LIT,1
2007,WN,LAS,OAK,14
2008,WN,IND,MDW,4
2008,WN,OAK,MCI,2
2008,WN,PHX,TPA,1
2008,WN,SAT,HRL,2
1987,PS,SMF,LAX,51
1993,US,LGA,SYR,25
2001,US,CLE,CLT,31
2007,WN,AUS,DAL,13
2007,WN,FLL,MSY,1
1988,PI,SYR,BUF,25
1988,PS,LAX,ABQ,4
2001,US,PIT,BNA,30
2001,US,CLT,RIC,31
2003,UA,SAN,ORD,25
2004,UA,OMA,DEN,6
2005,UA,LAX,PDX,26
2005,UA,ORD,CMH,35
2006,US,MCO,DCA,6
2007,WN,ABQ,AMA,2
2007,WN,BWI,ISP,9
2007,WN,DAL,ELP,6
1991,US,PIT,ACY,21
1991,US,LGA,ORF,29
1994,US,CLT,DAY,27
2006,US,SJU,PHL,3
2007,WN,BUR,LAS,13
2007,WN,GEG,SEA,4
2008,WN,MDW,SMF,2
1987,PS,ABQ,LAX,30
1988,PI,SYR,ELM,4
1991,US,SYR,BWI,31
1994,US,CLT,DCA,4
2001,US,PHL,BDL,1
2003,UA,ORD,BOI,31
2003,UA,DEN,SEA,31
2004,UA,CLT,ORD,21
2006,US,ORF,PHL,1
2008,WN,MDW,ORF,2
2008,WN,PHL,PHX,2
2008,WN,PHX,MSY,1
2008,WN,PHX,OAK,7
1988,PI,BWI,JFK,25
1993,US,PIT,LAX,29
2005,UA,ORD,DAY,5
2005,UA,DEN,TUL,31
2005,UA,DCA,ORD,69
2006,US,LAX,PIT,1
2006,US,TPA,PHL,7
2006,US,ALB,CLT,2
2007,WN,CLE,PHX,1
2008,WN,LAS,ALB,1
2008,WN,LAS,RDU,2
2008,WN,MCO,CLE,2
2008,WN,MDW,MSY,1
2008,WN,PVD,BWI,12
2008,WN,SAT,TPA,1
1990,US,CLE,LGA,31
2005,UA,ATL,ORD,10
2005,UA,ORD,IAH,31
2006,US,DCA,MSY,2
2006,US,LAS,TPA,1
2006,US,PHX,OGG,1
2007,WN,BHM,MCO,2
2007,WN,MCI,STL,6
1992,US,IND,CLE,25
1993,US,DCA,BOS,30
1996,CO,CLE,PHX,31
2000,HP,CLE,PHX,31
2001,US,PIT,CLT,31
2006,US,CLT,BNA,6
2006,US,LGA,PIT,5
2006,US,MDT,CLT,1
2007,WN,AUS,LBB,2
2007,WN,CMH,BNA,2
2007,WN,LAX,SJC,14
2007,WN,MDW,DEN,5
2008,WN,MAF,LAS,1
2008,WN,MDW,PHX,8
2008,WN,RDU,TPA,3
2008,WN,SEA,OAK,8
2008,WN,SEA,SLC,3
1988,PI,SYR,DCA,26
1992,US,EWR,PIT,4
1994,US,PIT,RIC,4
2002,US,BNA,PHL,31
2002,US,PHL,STL,31
2004,UA,ORD,MCO,31
2004,UA,ORD,STL,6
2006,US,MHT,DCA,2
2007,WN,ABQ,OAK,3
2007,WN,FLL,MCO,6
2007,WN,HOU,MCO,3
2007,WN,IND,MCI,2
2007,WN,ISP,TPA,3
2008,WN,LAX,PHX,13
2008,WN,MCI,OAK,2
2008,WN,MDW,MCO,8
2008,WN,SFO,LAS,7
1988,PS,OAK,LAX,66
1988,PS,TUS,LAX,24
1991,US,EWR,CLE,5
1992,US,DFW,PIT,29
1997,DL,ATL,PHX,186
2007,WN,CMH,PHL,3
2008,WN,JAN,MDW,2
2008,WN,MCO,PHL,7
2008,WN,OAK,MDW,5
2008,WN,PHL,RSW,1
1990,US,LAX,SAN,62
1992,US,LGA,MCI,25
2001,US,DFW,PHL,6
2006,US,PHL,STT,1
2006,US,SYR,PHL,1
2007,WN,AUS,MDW,1
2007,WN,BOI,PDX,3
2007,WN,BWI,OAK,1
2007,WN,LIT,STL,2
2007,WN,MCI,OAK,2
2008,WN,LBB,LAS,1
2008,WN,MDW,ABQ,2
2008,WN,MDW,ALB,2
2008,WN,MDW,MHT,5
1989,UA,HNL,LIH,30
1990,US,EWR,PIT,31
1990,US,IND,LAS,30
1993,US,PHL,IAH,29
2002,US,PIT,BOS,31
2006,US,CLT,LAS,6
2007,WN,MCO,FLL,6
2007,WN,MDW,AUS,1
2007,WN,MDW,JAN,2
2008,WN,LAS,SAT,4
2008,WN,MCI,PDX,1
2008,WN,MCO,MHT,5
1990,US,SAN,SFO,27
1999,US,SDF,PHL,31
2000,HP,ATL,PHX,65
2004,UA,OMA,ORD,25
2004,UA,ATL,DEN,31
2005,UA,DEN,SEA,57
2006,US,PHX,ABQ,5
2007,WN,BUF,MCO,2
2007,WN,IND,JAX,1
2008,WN,MCO,HOU,5
2008,WN,MDW,SDF,5
2008,WN,SEA,SJC,4
1989,UA,ORD,SFO,28
1992,US,PIT,DTW,18
1994,US,PIT,HTS,30
1995,US,ORD,PHL,124
2001,US,CLT,CAE,6
2002,US,MHT,PHL,26
2003,UA,EWR,ORD,6
2006,US,PHX,JFK,3
2007,WN,IND,TPA,1
2007,WN,MCI,PHX,4
2008,WN,JAX,HOU,1
2008,WN,PHX,OKC,3
1991,US,ORF,EWR,24
2002,US,CLT,AVL,29
2003,UA,IAD,MIA,25
2005,UA,SEA,DEN,5
2006,US,DEN,CLT,6
2007,WN,DAL,STL,6
2007,WN,LAS,OKC,1
2008,WN,LAS,RNO,13
1991,US,PIT,SWF,23
2001,US,LGA,IND,22
2003,UA,ORD,BUF,6
2006,US,CLT,EWR,14
2006,US,PHX,BWI,3
2006,US,PHX,IAH,5
2007,WN,STL,MDW,10
2007,WN,BHM,PHX,1
2007,WN,BNA,PVD,1
2007,WN,BWI,SDF,5
2007,WN,HOU,JAX,1
2007,WN,HOU,PHX,5
2007,WN,LAS,DEN,7
2008,WN,MDW,MCI,12
2008,WN,OAK,BUR,17
2008,WN,OAK,HOU,2
2008,WN,PDX,BOI,3
1988,PS,SAN,OAK,64
1990,US,MCI,BWI,31
2002,US,GSO,CLT,5
2005,UA,BWI,DEN,17
2006,US,DCA,PHL,8
2007,WN,BWI,JAN,2
2008,WN,MAF,ABQ,1
1988,PS,SFO,RNO,29
1988,PS,LAX,SFO,14
1991,US,CLE,PIT,7
2006,US,BDL,PHL,8
2006,US,CLT,MDT,2
2006,US,PBI,DCA,3
2006,US,RSW,PIT,1
2007,WN,DEN,HOU,2
2007,WN,LIT,BWI,1
2008,WN,PBI,TPA,4
2008,WN,RDU,LAS,2
1992,US,CLT,EWR,25
2004,UA,MSY,DEN,25
2005,UA,ORD,DSM,5
2006,US,CLT,ORF,8
2006,US,CMH,DCA,2
2006,US,MCO,FLL,1
2006,US,MIA,PHL,5
2006,US,SYR,CLT,1
2007,WN,AUS,LAS,3
2007,WN,AUS,MCO,1
2008,WN,IND,LAS,2
2008,WN,LAS,STL,3
2008,WN,MCO,BUF,3
2008,WN,PBI,BWI,4
2008,WN,PVD,FLL,1
1991,US,IND,CLE,31
1992,US,DSM,PIT,6
2001,US,AVP,PHL,31
2007,WN,SNA,OAK,9
2007,WN,STL,SDF,2
2007,WN,LAS,STL,2
2008,WN,LBB,ELP,1
2008,WN,MDW,JAN,2
2008,WN,PHX,STL,5
1992,US,PHL,MHT,4
2000,CO,CLE,PHX,83
2002,US,CLT,BUF,26
2002,US,IAH,PIT,31
2003,UA,PHX,ORD,6
2006,US,DCA,BTV,4
2006,US,PHL,MSY,1
2006,US,PHL,PIT,9
2006,US,PHL,SAN,2
2006,US,PHX,ONT,4
2006,US,SLC,PHX,4
2007,WN,TPA,PVD,3
2007,WN,BHM,SDF,2
2008,WN,LAS,BOI,2
2008,WN,LAS,ONT,10
2008,WN,SEA,ABQ,2
1993,US,TPA,FLL,5
1995,US,PBI,PHL,124
2002,US,PHL,TPA,31
2006,US,DCA,PHX,6
2006,US,PHX,RDU,1
2007,WN,BHM,MDW,2
2007,WN,DEN,MDW,5
2007,WN,GEG,SLC,1
2008,WN,JAX,TPA,3
2008,WN,MCO,ALB,3
2008,WN,RNO,BOI,3
1987,PS,SNA,OAK,106
1991,US,DAY,FNT,21
1993,US,PIT,ATL,29
2002,US,PHL,PBI,31
2002,US,BUF,CLT,3
2003,UA,DEN,SJC,25
2006,US,DCA,ALB,4
2006,US,DCA,SYR,4
2006,US,SJU,CLT,2
2007,WN,TPA,RDU,3
2007,WN,BNA,PHX,4
2007,WN,BWI,BNA,8
2007,WN,BWI,SLC,1
2007,WN,FLL,ISP,3
2008,WN,IND,JAX,1
2008,WN,JAX,BNA,4
2008,WN,PHX,HOU,5
1987,PS,MRY,LAX,27
1989,UA,MCI,DEN,3
1992,US,AUS,IAH,3
1996,HP,COS,PHX,120
2002,US,PIT,MCO,31
2006,US,DFW,PHL,10
2007,WN,ABQ,LAX,4
2007,WN,LAS,PDX,3
2007,WN,LIT,MDW,1
2008,WN,LAS,TUL,1
2008,WN,RSW,MCO,4
2008,WN,SFO,MDW,3
1987,PS,LAX,ABQ,43
1992,US,PIT,EWR,25
2005,UA,EGE,DEN,31
2006,US,AUS,PHX,4
2006,US,LAS,OAK,3
2006,US,PBI,PIT,1
2007,WN,ALB,MDW,2
2007,WN,JAN,BWI,2
2007,WN,LAS,CMH,2
2008,WN,LAX,SFO,8
1989,UA,DEN,DFW,27
1990,US,MIA,PIT,2
1992,US,PIT,DCA,24
2002,US,BOS,CLT,23
2005,UA,MDT,ORD,31
2006,US,BNA,PHL,2
2006,US,PHX,DTW,4
2007,WN,ISP,PBI,3
2008,WN,ISP,RSW,1
2008,WN,MCO,JAN,1
2008,WN,PHX,SLC,8
1988,PS,LAX,MRY,2
1991,US,LEX,PIT,31
1993,US,CLT,RSW,26
1993,US,DAY,PIT,29
2001,US,BOS,PIT,30
2006,US,RNO,PHX,4
2007,WN,STL,LAX,1
2007,WN,BWI,IND,3
2007,WN,LAS,IND,2
2007,WN,MCO,DEN,2
2008,WN,LAX,BNA,3
2008,WN,SAN,PHX,14
2008,WN,SAT,BNA,2
2008,WN,SJC,ONT,9
1991,US,BWI,BOS,26
1995,US,RSW,PHL,93
1999,US,ROC,PHL,153
2002,US,ORD,PHL,31
2005,UA,MIA,ORD,5
2006,US,DEN,PHL,4
2006,US,PHL,SJU,3
2007,WN,TUL,DAL,6
2007,WN,DTW,MCO,1
2007,WN,LAS,ABQ,6
2007,WN,LAS,BUF,1
2008,WN,IND,BWI,3
2008,WN,MCO,DEN,2
2008,WN,OAK,BOI,2
1987,PS,PHX,LAX,26
1987,PS,LAS,SNA,34
1991,US,SFO,CLE,7
1999,US,SJU,PHL,93
2004,UA,BWI,ORD,6
2006,US,FLL,LAS,2
2006,US,PHX,CLT,4
2006,US,PHX,ORD,5
2007,WN,STL,BWI,3
2007,WN,TPA,MHT,3
2007,WN,FLL,JAX,6
2007,WN,LAS,MAF,1
2007,WN,LAS,SLC,8
2007,WN,MCO,SAT,2
2008,WN,LAS,SMF,8
2008,WN,OAK,PHX,7
1987,PS,SAN,SFO,14
1989,UA,SFO,PDX,3
1991,US,PHL,TPA,7
1999,UA,SFO,PHL,92
2007,WN,TPA,SAT,1
2007,WN,BDL,MCO,3
2007,WN,MAF,DAL,6
2008,WN,LAX,SJC,14
2008,WN,LAX,STL,1
2008,WN,MCO,BHM,3
2008,WN,MCO,PIT,3
2008,WN,MSY,BHM,3
1989,UA,DEN,IAD,30
1989,UA,IAD,LAX,30
1992,US,IND,PHX,31
1993,US,CLE,BOS,30
2003,UA,MHT,ORD,6
2004,UA,CMH,ORD,46
2006,US,CLT,DFW,6
2007,WN,STL,CLE,2
2007,WN,BHM,HOU,2
2007,WN,BNA,DEN,1
2007,WN,BUR,SMF,10
2007,WN,MDW,FLL,5
2008,WN,RNO,MDW,1
1991,US,PIT,DAY,27
2002,US,AVP,PIT,31
2005,UA,BOS,ORD,80
2006,US,LAS,MIA,1
2006,US,LAS,SNA,6
2006,US,PHX,LAS,13
2007,WN,TPA,MDW,6
2007,WN,BWI,PHX,5
2007,WN,DAL,AMA,8
2007,WN,LAS,ELP,2
2007,WN,MCO,MCI,3
2008,WN,PHX,SAT,4
1992,US,PIT,MCI,31
2001,US,PHL,MHT,31
2006,US,ATL,PHX,7
2006,US,LAS,SJC,2
2007,WN,JAX,ORF,2
2008,WN,MCO,FLL,6
2008,WN,MDW,HOU,6
2008,WN,PHX,CMH,1
2008,WN,PVD,PHX,1
2008,WN,PVD,TPA,3
1987,PS,SFO,SAN,65
1992,US,CLT,IAD,6
1993,US,BUF,LGA,23
1994,US,DCA,CHS,30
2001,US,CLT,TPA,31
2003,UA,BIL,DEN,6
2005,UA,DAY,ORD,22
2006,US,BDL,PHX,2
2006,US,CLT,SFO,6
2007,WN,TPA,BWI,6
2007,WN,BNA,MCI,4
2007,WN,HOU,STL,5
2008,WN,MDW,BWI,8
2008,WN,OKC,HOU,4
1988,PI,BWI,BDL,29
1993,US,PHX,TUS,30
2002,US,SAV,CLT,31
2003,UA,DFW,ORD,25
2006,US,CMH,CLT,6
2006,US,MIA,PIT,1
2006,US,PHX,ELP,2
2006,US,STT,PHL,1
2007,WN,BNA,MDW,8
2007,WN,BNA,SAN,2
2007,WN,BOI,OAK,2
2007,WN,HOU,TPA,3
2007,WN,MCI,MDW,11
2007,WN,MCO,LAS,1
2008,WN,MCO,MCI,3
1989,UA,SJC,ORD,3
1995,US,PWM,PHL,124
2006,US,CLT,FLL,14
2006,US,CLT,IAD,4
2006,US,DCA,PVD,8
2006,US,IAD,CLT,2
2006,US,PHL,ATL,1
2008,WN,JAX,BWI,3
2008,WN,MDW,SAT,2
2008,WN,MHT,MDW,5
1988,PS,SEA,LAX,27
1991,US,ORD,CLT,6
1994,US,PHL,CLT,4
1994,US,PIT,PHF,27
1999,US,SAN,PHL,31
2005,UA,BUR,DEN,26
2006,US,DCA,PBI,6
2006,US,IAH,DCA,2
2008,WN,LBB,AUS,2
2008,WN,MAF,DAL,6
2008,WN,PHX,MCI,4
1992,US,LGA,IND,25
1992,US,IAH,PHL,3
1994,US,LGA,CMH,27
2002,US,PHL,IAD,4
2004,UA,GRR,ORD,6
2007,WN,STL,FLL,1
2007,WN,STL,TUL,2
2007,WN,CMH,TPA,2
1987,PS,SNA,SJC,50
1991,US,CLE,DCA,7
1992,US,CMH,IND,30
2001,US,CLT,CHS,56
2002,US,PHL,ALB,26
2006,US,LAS,DCA,1
2007,WN,ABQ,LAS,6
2007,WN,ALB,LAS,1
2007,WN,BNA,LAX,3
2007,WN,DAL,AUS,13
2008,WN,MCI,BNA,4
2008,WN,MSY,PHX,1
2008,WN,PDX,OAK,6
2008,WN,PHL,BNA,3
2008,WN,PHX,AUS,4
2008,WN,SAN,TUS,4
2008,WN,SLC,BOI,2
1992,US,STL,PIT,24
2003,UA,DEN,OMA,31
2006,US,PHL,SFO,2
2006,US,PHX,CMH,2
2006,US,ALB,DCA,2
2007,WN,STL,MCI,5
2007,WN,MCO,BNA,5
2008,WN,PHL,RDU,6
1988,PS,LAX,SJC,57
1991,US,MCI,SAN,29
1993,US,PHL,SFO,28
2001,US,PHL,PWM,31
2006,US,CLT,MIA,12
2006,US,PVD,PHL,5
2007,WN,ELP,HOU,3
2008,WN,LAS,TUS,6
2008,WN,PIT,PHL,7
2008,WN,SFO,LAX,8
1988,PS,SAN,LAX,3
1989,UA,HNL,DEN,27
1990,US,SFO,PIT,30
1993,US,IND,PHX,30
2003,UA,ORD,RIC,5
2005,UA,ORD,OMA,5
2006,US,MIA,LAS,1
2006,US,STT,CLT,1
2006,US,ABE,CLT,1
2007,WN,CMH,PHX,1
2007,WN,ISP,LAS,2
2008,WN,RNO,SJC,4
1987,PS,SFO,PDX,23
2003,UA,PDX,DEN,6
2005,UA,ORD,SAN,31
2006,US,IND,PHX,2
2006,US,SAN,PHX,9
2007,WN,BDL,TPA,2
2007,WN,DAL,MSY,4
2008,WN,LAX,HOU,4
2008,WN,PHX,IND,2
2008,WN,SAT,MCO,2
1987,PS,LAS,LAX,66
1988,PI,ROA,CLT,31
2004,UA,DEN,ONT,31
2006,US,JFK,LAS,3
2007,WN,TPA,HOU,2
2007,WN,BWI,FLL,5
2007,WN,LAX,MDW,7
2007,WN,MCO,MDW,7
2008,WN,MDW,SEA,3
1990,US,IAD,PIT,30
1991,US,PBI,CLT,6
1992,US,EWR,BOS,20
1993,US,SAN,PIT,59
2001,US,HPN,PIT,31
2006,US,LAS,LAX,9
2006,US,MHT,CLT,2
2006,US,PHL,SEA,2
2007,WN,HOU,DAL,29
2007,WN,HOU,JAN,4
2007,WN,LAS,AUS,3
2008,WN,MAF,HOU,2
2008,WN,MDW,TUS,2
2008,WN,SEA,DEN,4
1990,US,PVD,PIT,31
1992,US,LGA,CLT,26
2003,UA,DEN,RNO,25
2006,US,LAS,DFW,3
2007,WN,MCO,ALB,3
2008,WN,LAS,AUS,3
2008,WN,MDW,BNA,9
2008,WN,SAT,HOU,8
2008,WN,SFO,SAN,8
1987,PS,SFO,GEG,26
1990,US,PIT,PHX,29
1992,US,CLE,PIT,36
1993,US,JAX,PHL,26
1993,US,PHX,IND,30
1993,US,LAS,LAX,30
1994,US,PIT,DTW,35
1996,WN,BNA,PHX,61
2006,US,BOS,PHL,34
2006,US,BUF,PHL,6
2007,WN,STL,LAS,2
2007,WN,STL,OKC,2
2007,WN,LAS,ISP,2
2007,WN,LAX,MCI,4
2007,WN,MCO,ISP,5
1990,US,PIT,ISP,30
1991,US,SMF,LAX,5
1992,US,DAY,BOS,6
1993,US,ROC,BOS,24
2003,UA,BUR,SFO,29
2006,US,CLT,PBI,10
2006,US,FLL,PIT,2
2006,US,LAS,SAN,3
2007,WN,GEG,LAS,2
2008,WN,PHL,MDW,8
2008,WN,PHL,PBI,2
1990,US,EWR,SYR,30
1994,US,MLB,CLT,30
1994,US,DTW,PIT,27
1994,US,CHS,DCA,30
2002,US,CLT,CLE,93
2007,WN,LAS,LBB,1
2007,WN,LAX,SAT,1
2007,WN,MCO,BDL,3
2008,WN,OAK,DEN,5
2008,WN,PDX,SJC,4
1993,US,RIC,LGA,24
2005,UA,DEN,SFO,40
2005,UA,DEN,MSP,62
2006,US,PIT,BOS,4
2007,WN,AUS,TPA,1
2007,WN,BWI,AUS,2
2008,WN,SJC,MDW,2
1987,PS,LAX,LAS,30
1989,UA,SFO,DEN,31
1989,UA,BOS,ORD,28
1992,US,PIT,ABQ,28
1992,US,LAX,PIT,30
2001,US,PIT,BUF,34
2006,US,RSW,PHL,3
2007,WN,SNA,MDW,1
2007,WN,HOU,LIT,1
2007,WN,LBB,ELP,1
2008,WN,SJC,SAN,10
1991,US,CLT,OAJ,21
1991,US,CLT,CHS,30
1993,US,PHL,DTW,25
1994,US,BOS,MCO,4
1994,US,LGA,MCO,31
2002,US,PBI,DCA,26
2003,UA,PHL,SFO,6
2003,UA,DEN,IND,31
2004,UA,IAH,DEN,25
2006,US,CLT,SRQ,2
2006,US,DCA,BUF,6
2006,US,DCA,MCI,2
2006,US,LAS,BOS,3
2006,US,PHX,MCO,2
2006,US,PIT,DEN,2
2006,US,PIT,RSW,1
2007,WN,TPA,BDL,2
2007,WN,BNA,MSY,2
2007,WN,BNA,PHL,2
2007,WN,JAX,TPA,3
2008,WN,ISP,LAS,1
2008,WN,SAN,RNO,2
1988,PS,PHX,LAX,13
1989,UA,HOU,ORD,2
1991,US,CLE,BOS,30
1993,US,IND,LAS,31
1994,US,DAY,PIT,27
1994,US,BWI,MCO,25
1998,HP,CMH,PHX,155
2002,US,ORF,PIT,26
2006,US,PHX,GEG,1
2006,US,SAN,LAS,2
2007,WN,BHM,STL,1
2007,WN,LAS,SNA,5
2008,WN,LAX,MDW,7
2008,WN,LAX,TUS,6
1987,PS,OAK,SAN,117
1989,UA,LAX,ORD,28
1993,US,SYR,BOS,25
1994,US,JAX,CLT,4
1998,HP,BUR,PHX,146
2005,UA,DEN,OKC,9
2007,WN,ABQ,TPA,1
2008,WN,LAS,IND,2
2008,WN,PHX,LAX,13
1989,UA,ORD,DEN,179
1991,US,BWI,PBI,31
1993,US,MSY,DCA,31
2004,UA,ORD,TPA,31
2005,UA,MSP,DEN,8
2006,US,PHX,PHL,4
2006,US,PIT,FLL,2
2007,WN,TUL,LAS,1
2007,WN,BWI,DEN,2
2007,WN,LAS,LAX,14
2007,WN,MDW,BUF,3
2008,WN,MCI,STL,6
1987,PS,OAK,SNA,104
1994,US,PVD,PIT,30
1998,HP,COS,PHX,119
2003,UA,ORD,DTW,6
2004,UA,ORD,OAK,31
2004,UA,PVD,ORD,6
2004,UA,ORD,SJC,6
2006,US,BUF,CLT,8
2006,US,MIA,CLT,6
2007,WN,TPA,SDF,1
2007,WN,BHM,JAX,1
2007,WN,MAF,LAS,1
2007,WN,MDW,IND,4
2007,WN,MDW,LAX,7
2008,WN,MCI,BWI,3
1988,PI,SYR,BTV,4
1993,US,TPA,IND,30
2004,UA,OAK,ORD,6
2004,UA,SJC,DEN,6
2007,WN,BDL,BNA,1
2007,WN,BWI,CMH,5
2007,WN,MCI,PDX,1
2007,WN,MCI,TPA,2
2008,WN,LAS,GEG,2
2008,WN,LAS,LBB,1
2008,WN,MCI,OKC,4
2008,WN,SAN,OAK,18
2008,WN,SAN,SFO,8
1989,UA,KOA,OGG,2
1990,US,TUS,LAX,31
1992,US,LAN,DAY,5
1992,US,TUS,PHX,31
1993,US,PIT,ALB,31
2002,US,TPA,CLT,3
2003,UA,ORD,PDX,31
2006,US,DCA,FLL,10
2007,WN,LAS,SAT,4
