Year,Origin,Dest,count
1989,HNL,LAX,52
1989,ORD,PDX,20
1989,LAX,DEN,5
1991,BOS,ROC,15
1994,SYR,PIT,14
1994,ERI,PIT,25
1999,SJU,PHL,84
2003,ORD,BDL,7
2004,LAS,DEN,5
2007,BWI,MCO,2
2007,LAS,SJC,4
2007,MDW,JAN,1
2008,MCO,BNA,4
2008,SEA,OAK,7
1991,SFO,CLE,1
1991,PIT,BWI,20
1992,SMF,LAX,9
2006,PHL,PWM,1
2008,OKC,LAS,1
2008,ONT,BNA,1
1991,DAY,FNT,12
1994,FLL,TPA,3
1995,ORF,PHL,33
2003,ORD,MSP,14
2004,SEA,ORD,26
2007,BHM,PHX,1
2007,CLE,BWI,3
2007,MDW,HOU,5
1991,BUF,EWR,15
2002,CLE,CLT,13
2006,DCA,LGA,16
2006,MHT,PHL,2
2006,PHL,DFW,2
2007,STL,DAL,3
2008,IND,PHX,1
2008,LAS,SNA,4
1991,TLH,MCO,2
1993,JAX,PHL,5
2002,PHL,STL,18
2004,IAH,DEN,10
2005,ATL,ORD,7
2005,MSP,DEN,5
2007,BHM,JAX,1
2008,ISP,BWI,5
2008,OAK,SLC,4
2008,ORF,JAX,2
1989,FLL,ORD,1
1991,SYR,BWI,20
1992,CLT,EWR,10
1992,PHX,IND,22
2006,CLT,SYR,1
2007,ABQ,TUS,1
2007,DAL,AUS,6
1989,MCO,ORD,31
1994,CLT,CAE,22
2001,LGA,PIT,5
2006,CLT,ORD,5
2007,LAS,MCO,1
2008,LAS,PDX,3
2008,MDW,ALB,2
1990,PIT,CMH,21
1992,DCA,GSO,14
2003,DEN,SEA,5
2005,SAT,ORD,13
2006,CLT,EWR,8
2006,RIC,CLT,1
2007,ABQ,PDX,1
2007,BUR,LAS,7
2007,CMH,LAS,1
2007,ELP,HOU,1
2008,MAF,ABQ,1
1996,DFW,PHX,209
2002,RDU,CLT,32
2007,STL,SDF,2
2007,AMA,ABQ,1
2007,IAD,MDW,3
2008,MDW,LIT,1
2008,ORF,MDW,2
1993,TPA,IND,18
1993,SFO,PIT,39
1996,AUS,PHX,86
2002,SJU,CLT,4
2006,GEG,PHX,1
2007,LBB,ELP,1
2008,LAS,MSY,1
1987,LAS,SNA,27
1988,SFO,SAN,5
1989,SJC,ORD,3
1994,CLT,IND,16
2001,PHL,MIA,9
2003,BUF,ORD,9
2004,PHX,DEN,1
2006,PHL,BUF,2
2006,SEA,PHL,1
2006,BWI,LAS,1
2007,SMF,SAN,6
2007,DAL,AMA,3
2007,LAX,AUS,1
2008,IND,BWI,2
2008,JAX,PHL,2
2008,LAS,AMA,1
2008,LAX,SMF,9
2008,LBB,DAL,5
2008,SAT,TPA,1
2002,PIT,SFO,27
2003,IAD,MIA,5
2005,BWI,DEN,9
2006,CLT,BNA,4
2007,TUL,DAL,2
2008,LAS,PHX,14
2008,LIT,HOU,1
2008,SJC,PDX,3
1987,SFO,SAN,62
1994,PIT,PHF,17
2004,ORD,MCO,23
2007,LAS,PDX,3
1988,BGM,BWI,21
1990,ABQ,TUS,20
1992,IND,CMH,18
1992,PIT,EWR,6
2002,TPA,CLT,1
2004,ORD,MHT,4
2005,ORD,DAY,5
2006,CLT,BWI,4
2007,ABQ,MAF,1
2007,DAL,LBB,4
2007,IAD,TPA,1
2008,PHL,PBI,2
1996,COS,PHX,89
2002,PIT,MCO,19
2005,ORD,DSM,4
2006,PHL,CLT,6
2006,SFO,CLT,2
2007,BHM,MCO,2
2007,BNA,CMH,1
2007,CMH,STL,1
2008,IND,MCO,2
2008,MCI,BNA,2
2008,MCO,IND,1
2008,MDW,BNA,8
2008,PIT,BWI,3
2008,SAT,HOU,5
1991,CLT,OAJ,11
1991,CLT,EWR,14
1998,CLT,PHX,19
2001,IAD,CLT,8
2005,SJC,DEN,2
2006,BWI,CLT,6
2006,MCI,PHX,1
2006,MKE,PHX,1
2007,TPA,JAX,1
2007,BNA,SAT,1
2007,DAL,STL,3
2007,MCO,AUS,1
2007,MDW,CMH,6
2008,MDW,MCI,11
2008,PIT,PHX,1
1987,LAX,LAS,22
1987,SJC,LAX,40
1990,SFO,PSP,18
1991,PHL,TPA,2
1992,PIT,LAX,22
1993,DCA,PIT,24
2004,LAX,DFW,15
2008,LAS,BNA,3
2008,MCO,HOU,5
2008,MDW,OAK,5
2008,SAT,LAS,1
1994,BWI,MCO,15
2005,DEN,BOI,18
2005,IAD,DEN,2
2006,CLT,MIA,5
2006,EWR,PHX,2
2008,JAN,MCO,1
2008,MDW,TPA,7
1988,LAX,SFO,9
1989,DEN,IAD,16
1995,STL,PHL,147
2002,RDU,LGA,4
2006,SMF,LAS,2
2007,BWI,STL,3
2007,MDW,MCI,3
2008,MCO,MSY,2
2008,MDW,BUF,3
2008,RDU,TPA,2
1987,LAX,SJC,16
1989,HNL,SFO,49
1990,PVD,PIT,23
1991,LAX,SFO,27
1994,STL,PHL,1
2004,PHX,SFO,12
2005,MIA,ORD,2
2005,DEN,SFO,26
2006,JAX,PHL,3
2006,PHL,PHX,1
2007,BNA,DTW,1
2008,OMA,LAS,1
1988,CLT,LEX,4
1989,ORF,ORD,1
1991,PIT,GSO,2
1992,RDU,PHL,2
1999,SDF,PHL,12
2005,DEN,MSP,28
2006,DCA,IND,1
2007,TPA,BHM,1
2007,BWI,RSW,2
2007,FLL,PHL,2
2008,LAS,AUS,3
2008,SAT,LAX,1
1989,ORD,SDF,3
1992,CLT,PHL,3
1994,DTW,PIT,14
1998,BWI,PHX,9
2003,CLE,ORD,3
2007,BWI,SDF,3
2007,DTW,MDW,5
2008,LAS,ELP,2
2008,MDW,LAS,12
2008,OAK,LAS,12
1991,MYR,CLT,15
1991,MDT,PIT,2
1992,BWI,MCO,18
2004,MHT,ORD,8
2004,DEN,IAD,6
2005,RIC,ORD,9
2006,PHL,TPA,5
2007,ABQ,LAS,3
2007,BUF,MCO,1
1987,BUR,SFO,47
1991,EWR,BUF,6
2002,BOS,PIT,8
2003,BOS,DEN,8
2006,CMH,PHX,1
2007,AUS,PHX,2
2007,LIT,STL,2
2008,SDF,MDW,4
1990,PHL,IND,20
1991,PIT,TPA,19
1991,PIT,PVD,13
1999,TPA,PHL,167
2001,ROC,BOS,13
2003,PHX,SFO,15
2006,LAX,CLT,3
2006,PHX,RDU,1
2007,IND,PHX,1
2007,LIT,DAL,4
2007,MCI,TUL,2
2008,PHL,MHT,5
2008,PHX,ELP,6
1988,BWI,JFK,19
1990,PIT,EWR,18
1994,PIT,ORD,44
2001,PIT,SBN,7
2006,DCA,PBI,6
2007,LAS,LIT,1
2008,MCI,TPA,1
2008,PHL,TPA,2
2008,SAN,OAK,14
1997,ATL,PHX,183
1997,BUR,PHX,170
2001,CLT,ROA,20
2002,MCO,PIT,18
2003,ORD,SNA,4
2006,CLT,BDL,6
2006,SEA,LAS,2
2008,JAX,IND,1
1990,EWR,SYR,20
1992,PIT,DCA,17
1992,LAX,PIT,28
1994,STL,CLT,2
2005,SNA,DEN,11
2006,PBI,PHL,3
2007,BNA,DEN,1
2008,SAN,MCI,2
2003,MIA,ORD,4
2006,PHL,RIC,1
2006,PHX,SEA,2
2006,TPA,PHL,4
2008,SAT,MCO,1
1992,LGA,MCI,9
2004,PDX,ORD,18
2006,DEN,PIT,3
2006,MSY,CLT,1
2007,ALB,BWI,3
2007,BDL,MCO,1
2007,FLL,HOU,2
2007,LAS,MHT,1
2008,SEA,LAS,4
1988,SAN,SFO,11
1992,CLE,IND,2
1993,PIT,FLL,23
2003,LAS,ORD,6
2004,SFO,DFW,3
2007,STL,BWI,2
2007,BUF,BWI,3
2007,BWI,OAK,1
2007,MAF,AUS,1
2008,PHX,MCO,1
2008,PIT,MDW,5
2008,PVD,MDW,3
2008,SAT,MDW,2
2002,BWI,PIT,1
2003,AUS,DEN,1
2003,ORD,MIA,7
2006,PHX,ANC,1
2007,ISP,MCO,1
2007,LAS,RNO,7
2007,MCO,BHM,1
2007,MCO,SAT,1
1994,MCO,CLT,9
1994,CLT,DAY,12
1995,RDU,PHL,52
2001,STL,CLT,6
2002,STL,PIT,5
2003,SFO,RNO,6
2006,PHL,BTV,1
2006,DCA,CMH,1
2007,STL,TUL,1
2008,LAX,SAT,1
2008,SAN,ELP,1
1993,LGA,GSP,10
1994,PIT,FLL,24
2001,PHL,PWM,17
2006,PHX,SJC,2
2006,SMF,PHX,2
2007,LAS,MDW,11
2007,MCI,LAS,2
2008,MCO,BHM,3
2008,MSY,BWI,1
1990,SFO,PIT,21
1994,CLE,PHL,2
1994,MCI,IND,17
2001,BOS,ROC,12
2001,PIT,MSY,14
2002,CLT,BDL,26
2004,ORD,SJC,6
2005,EGE,DEN,17
2006,ORD,LAS,2
2007,ABQ,DAL,6
2008,LAX,AUS,1
1987,LAS,LAX,62
1987,SCK,LAX,19
1989,MKE,ORD,7
1991,PHL,ORF,10
1992,PHL,BDL,17
2001,CRW,PIT,7
2001,GSO,PHL,3
2001,DCA,CMH,3
2004,MSY,DEN,4
2006,RDU,PHL,3
2007,BOI,SLC,2
2007,HOU,SAT,5
2008,LAS,OKC,1
2008,MCI,DEN,4
2008,MCO,PHX,1
2008,MDW,SAT,2
2008,PDX,BOI,3
1987,LAX,RNO,3
1989,SFO,LAX,23
1993,MCO,PIT,39
2000,COS,PHX,27
2005,MSY,IAD,15
2007,BNA,TPA,4
2007,DTW,STL,3
2007,MCI,DEN,2
2007,MDW,BWI,6
2008,JAN,MDW,1
2008,MCI,OAK,1
2008,MCI,OKC,3
2008,OKC,DEN,1
1988,BWI,BGM,21
1997,DEN,PHX,290
1999,ABQ,PHX,379
2005,DEN,SAT,4
2005,DAY,ORD,9
2005,DEN,STL,10
2007,TPA,PVD,1
2008,LAS,SAT,3
1988,LAX,ABQ,3
1990,BDL,PIT,25
1991,CLT,CHS,16
1992,IND,PHX,16
1993,DFW,PIT,24
2001,PIT,CLT,9
2004,ORD,BWI,21
2006,ORF,CLT,1
2007,MAF,DAL,1
2008,LAX,PHX,11
1989,HNL,LIH,21
1995,PBI,PHL,84
2002,CLT,CLE,24
2002,ORF,CLT,12
2004,ORD,DTW,10
2004,BOS,DEN,4
2008,RDU,MCO,3
2008,SEA,SMF,5
1992,MCI,SAN,10
1992,FLL,PHL,26
1993,IND,BWI,12
2002,CLT,EWR,1
2005,ORD,SLC,25
2006,LAS,PHX,3
2006,PVD,PHL,3
2007,SMF,SNA,2
2007,ABQ,AMA,1
2007,MCI,PDX,1
2007,MDW,DEN,5
2008,JAN,HOU,3
2008,LAS,ONT,9
1990,PIT,BUF,25
1990,PIT,ALB,23
1990,PIT,ABQ,24
1991,PHL,BOS,15
2001,DCA,CLT,12
2006,PIT,ORD,4
2007,BOI,LAS,1
1988,SFO,LAX,48
1992,DFW,PIT,17
2004,ORD,CVG,18
2006,CLT,SJU,2
2006,PHX,CLT,2
2006,PHX,MKE,1
2007,TPA,BDL,2
2007,AUS,BWI,1
2007,BWI,CMH,5
2008,ISP,MDW,3
1988,UCA,SYR,22
1991,CLE,DCA,6
1992,ATL,PHL,7
1993,SAN,PIT,49
2000,BOS,PHX,69
2003,IAD,BOS,5
2003,ORD,BTV,8
2006,BOS,LAS,3
2007,BUR,PHX,6
2007,ISP,TPA,2
2007,LAS,BWI,3
2007,LAX,RNO,1
2008,MDW,SLC,2
2008,OAK,DEN,5
2008,PDX,ABQ,1
1989,ORD,SFO,12
1992,DSM,PIT,5
1994,PIT,ERI,2
1994,LGA,MCO,25
2003,ONT,DEN,5
2005,ORD,ATL,17
2007,HRL,HOU,4
2007,MCO,SDF,1
2007,MDW,ABQ,1
2008,MHT,PHX,1
2008,SAN,LAS,12
1992,CLE,PIT,15
1994,BOS,PIT,23
1998,CMH,PHX,65
2002,SAV,CLT,5
2007,BNA,BHM,2
2007,DAL,TUL,3
2008,LAS,PVD,1
2008,MCI,SAN,2
2008,MCO,SDF,2
1990,PIT,TPA,29
2004,MSY,LAX,1
2004,DEN,DFW,6
2004,ORD,IND,17
2006,PHL,MIA,4
2007,STL,OKC,1
2007,BHM,BWI,1
2007,FLL,MDW,3
2008,MSY,PHX,1
2008,SJC,BUR,3
2008,SLC,ABQ,1
1991,BWI,PBI,16
1993,PHL,SFO,23
2001,PIT,PVD,4
2002,PHL,BOS,12
2003,IAH,DEN,2
2004,SAT,DEN,11
2004,PBI,ORD,9
2006,DFW,PHX,3
2006,PHL,MHT,3
2006,PHX,BWI,3
2006,TPA,CLT,1
2007,TPA,PHX,1
2007,FLL,BWI,3
2007,LAS,BDL,1
2008,LIT,STL,2
1987,SNA,SJC,46
1987,BUR,LAS,56
1989,CMH,ORD,1
1989,PHL,DEN,2
2002,SFO,PIT,5
2003,PIT,ORD,10
2004,SMF,DEN,9
2007,DTW,BNA,3
2007,LAS,BUF,1
2008,MCO,RSW,4
1991,SYR,EWR,14
2000,CLT,PHX,21
2001,BWI,CLT,4
2002,PIT,PVD,2
2003,BOS,IAD,7
2006,LAS,RNO,1
2006,PHX,ONT,2
2007,BNA,MDW,6
2008,PVD,BNA,1
1989,DEN,LAX,21
1990,TYS,PIT,17
1992,IND,DCA,16
1999,STL,PHL,96
2003,ORD,PHL,2
2004,BWI,ORD,5
2006,DFW,PHL,5
2008,ORF,MCO,2
2008,SAN,SMF,10
1989,IAD,LAX,19
1991,EWR,CLT,15
1992,BUF,PIT,22
2001,BUF,LGA,11
2007,BUR,OAK,6
2007,HOU,JAN,2
2008,PHX,PDX,2
2003,PHX,ORD,3
2005,BOI,DEN,2
2005,OMA,DEN,1
2007,MDW,ALB,2
2008,MSY,HOU,6
2008,OKC,MCI,1
1988,LAS,BUR,26
1988,LAS,SAN,22
1989,SFO,HNL,36
1992,STL,CLT,2
1993,EWR,BOS,13
1995,PVD,PHL,56
2002,CLT,MYR,2
2004,SAN,ORD,9
2004,DEN,OAK,13
2004,ABQ,DEN,5
2006,PIT,MIA,1
2006,FLL,LAS,1
2007,BWI,AUS,1
2007,CMH,BWI,3
2007,MCO,RSW,2
2008,LAS,SAN,13
1988,ORF,BWI,9
1994,BOS,DCA,17
2002,CLT,AVL,10
2004,CMH,DEN,5
2006,BUF,PHL,2
2007,STL,MCO,1
2007,ABQ,LBB,1
2007,BWI,DTW,2
2007,LAX,BWI,2
2007,MCO,BWI,8
2008,LIT,DAL,5
1991,TPA,LAX,23
1993,BOS,CLE,17
1993,IND,LAS,26
1995,RSW,PHL,63
2001,CLT,ILM,9
2002,CLT,FLL,2
2007,AUS,DAL,6
2008,MDW,LAX,6
1987,SFO,LAX,88
1988,BUR,SFO,38
1992,PIT,PVD,33
1994,CAE,CLT,7
2001,PHL,PIT,24
2006,CLT,LAS,2
2006,FLL,CLT,3
2007,FLL,JAX,4
2007,LAX,ELP,3
2008,MDW,PIT,6
2008,MDW,SDF,5
1989,EWR,ORD,25
1991,PIT,BGM,19
1994,PIT,MDW,16
2003,DEN,MSY,2
2003,SEA,DEN,2
2006,DEN,PHL,4
2006,PHL,LAS,3
2006,PHX,ABQ,1
2006,PIT,FLL,1
2007,JAN,MDW,2
2007,LBB,DAL,2
2008,PHX,CMH,1
2008,PHX,TPA,1
2006,CLT,MHT,2
2007,TPA,IND,1
2007,BWI,PHX,2
2007,CMH,BNA,1
2008,OAK,MDW,4
2008,SEA,GEG,3
1992,PIT,CMH,22
1993,PIT,ATL,14
2001,PIT,BUF,17
2003,ATL,DEN,1
2003,EWR,DEN,2
2006,ATL,PHX,2
2006,CLT,MCO,9
2007,BUF,TPA,1
2008,OAK,PDX,6
1987,SJC,BUR,34
1997,AUS,PHX,131
2001,CHS,DCA,8
2005,ORD,IAH,12
2006,DCA,MCO,8
2006,ORD,PHX,5
2007,BOI,OAK,1
2007,LAX,OAK,16
2007,MCI,BNA,3
2008,LAX,SJC,11
2008,ORF,BWI,4
1992,PIT,FLL,23
1993,DCA,IND,23
1993,LAS,LAX,18
2002,CLT,GSO,6
2002,ORF,PIT,5
2004,CMH,ORD,35
2006,CLT,MSY,2
2006,PHX,LAS,2
2007,MDW,CLE,5
2008,MCO,RDU,4
1989,PHL,SFO,17
1989,SEA,DEN,19
1989,BOS,ORD,21
1991,TPA,SYR,10
1995,SRQ,PHL,25
2006,IAD,PHX,1
2006,PHX,MIA,1
2007,BHM,SDF,1
2007,BNA,BWI,7
2007,DEN,PHX,3
2008,MCO,ISP,6
2008,RSW,MCO,2
1991,CHS,CLT,14
1992,ALB,BWI,19
2007,SMF,ONT,1
2007,BNA,CLE,3
2008,OAK,GEG,2
1991,CLE,CLT,14
1991,LAX,TPA,10
1992,TPA,CLT,3
1999,ATL,PHX,49
2003,PDX,DEN,1
2007,DAL,MCI,2
2007,HOU,DAL,13
2007,HOU,LAS,1
2007,LAX,MCI,4
2008,PHL,LAS,1
1987,TUS,LAX,19
1988,BWI,SYR,14
1992,PHL,ORH,4
1993,LGA,FLL,19
1994,PIT,HTS,12
2003,DEN,OKC,4
2006,CLT,PHX,2
2006,HNL,PHX,1
2006,PHL,JAX,3
2007,BWI,ALB,5
2007,IND,TPA,1
2008,LAX,TUS,5
1988,MYR,BWI,11
1989,HNL,DEN,20
1990,EWR,PIT,23
1991,PBI,PIT,19
1993,BWI,PHX,21
1994,HPN,PIT,3
2005,MCI,DEN,8
2006,PHX,CLE,2
2007,TUL,STL,1
2007,HOU,AUS,3
2007,HOU,DEN,1
2007,LAS,CLE,1
2008,MCO,STL,4
2008,MDW,RNO,1
1990,MCO,PIT,15
1991,IND,CLE,15
1993,IND,PHX,21
2001,PIT,MSP,6
2003,SAN,SFO,3
2003,PHL,ORD,11
2004,ORD,PBI,17
2004,DEN,PDX,16
2005,SLC,DEN,5
2006,PHX,OAK,1
2006,PIT,RSW,1
2006,CLE,PHX,1
2007,BWI,CLE,2
2008,JAX,TPA,3
1989,DEN,FAT,18
1990,CLE,LGA,20
1993,GSO,CLT,14
2002,MSY,CLT,10
2006,CLT,TPA,10
2006,RSW,PHL,2
2007,ELP,MAF,1
2007,LAS,SAT,3
2008,SAT,HRL,1
1993,PHL,IND,11
1999,SEA,PHL,43
2001,PHL,CLT,31
2001,CLT,CAE,2
2003,DEN,ATL,4
2006,BWI,PHL,3
2007,BHM,TPA,1
2007,LAS,BUR,8
2008,MDW,MHT,5
2008,OAK,BOI,2
2008,PHX,SNA,6
2008,PIT,LAS,1
2008,SAN,AUS,1
1987,PHX,LAX,26
1992,DTW,PIT,3
2001,PHL,IND,10
2002,IAH,PIT,11
2004,DFW,ORD,12
2005,SFO,SNA,11
2006,PHX,PHL,3
2007,BWI,TPA,4
2007,MCO,DEN,1
2008,JAX,ORF,1
2008,MDW,FLL,5
2008,MDW,IAD,5
1987,SFO,SCK,4
1999,STX,PHL,25
2001,LGA,IND,8
2003,ORD,SAT,12
2006,BDL,CLT,5
2006,LGA,PIT,2
2006,ELP,LAS,1
2007,CLE,MDW,4
2007,IND,MDW,1
2007,MCO,PVD,2
2008,JAX,BNA,2
2008,LAS,SJC,8
1988,JFK,UCA,23
1988,SYR,DCA,18
1990,DCA,IND,22
1993,PIT,ALB,20
2002,MCI,PIT,6
2004,DFW,DEN,4
2004,IAD,ORD,3
2005,ORD,SMF,4
2007,MAF,HOU,1
2008,LAS,BUR,11
2008,LAS,MCI,5
2008,MDW,SAN,5
1987,LAX,ABQ,33
1987,MFR,SFO,14
1991,ORD,CLT,4
1992,IND,LAX,14
2001,CLE,CLT,5
2001,TPA,PHL,14
2005,DEN,LAX,10
2006,PHX,OMA,1
2007,TPA,CMH,1
2007,TUS,LAX,3
2007,AUS,MCO,1
2007,DAL,MSY,3
2008,IND,LAS,1
2008,LAS,OAK,13
1988,OAK,LAX,25
1989,SFO,IAH,21
1991,LEX,PIT,28
1992,IAH,PHL,1
1993,BDL,PIT,25
2003,DEN,IAD,2
2005,ORD,MSP,14
2007,CMH,TPA,1
1987,LAX,SAN,3
1994,SYR,EWR,21
2004,CLT,ORD,12
2006,PHL,RSW,3
2007,STL,MCI,1
1987,BUR,OAK,60
1991,CVG,CLT,12
1992,PHL,PBI,22
1994,PVD,PIT,15
2004,DEN,SJC,12
2006,TPA,PIT,1
2007,DEN,LAS,4
2007,MCI,MDW,5
2007,MDW,BDL,1
2008,SAN,SJC,8
2008,SDF,BWI,4
2008,SEA,PHX,3
1987,SNA,OAK,81
1991,DAY,PIT,10
1992,CLT,RDU,6
1994,MIA,LGA,18
2005,ORD,PIT,10
2005,DEN,OKC,6
2007,BWI,JAN,1
2007,DTW,MCO,1
2007,MCO,STL,3
2008,LAX,LAS,12
2008,MDW,AUS,2
2008,ONT,LAS,9
2008,PDX,PHX,3
2008,SEA,BOI,2
1987,OAK,SNA,93
1990,PHX,BUR,19
1991,PIT,MDW,22
1992,AVP,PIT,6
1993,PIT,ABE,32
2000,DEN,PHX,191
2005,DEN,MCI,16
2007,TPA,ISP,1
2007,MCO,RDU,2
2008,PIT,MCO,1
2008,RDU,BNA,4
2008,SDF,STL,3
1989,ORD,PHL,12
1993,CLE,PIT,5
1993,PHL,IAH,22
1994,PIT,RIC,1
1996,CLE,PHX,22
2003,MHT,ORD,3
2003,ORD,BOI,19
2004,PIT,ORD,19
2005,OAK,DEN,5
2005,PDX,DEN,8
2006,DCA,BDL,5
2006,PHL,PVD,1
2006,SAN,PHL,2
2006,STL,PHX,1
2007,ELP,PHX,3
2007,ELP,SAT,4
2007,HOU,TPA,2
2007,LAS,OKC,1
1988,CHS,ORF,9
1989,HNL,OGG,22
1998,DFW,PHX,108
2005,BOS,ORD,43
2006,IAH,PHL,1
2006,PHL,DCA,2
2006,CLT,STT,1
2007,LAS,OMA,3
2008,MDW,DTW,7
2008,MDW,SMF,2
2008,SFO,SAN,5
1993,CLE,BOS,8
1994,TPA,PIT,19
1995,PHX,PHL,39
2006,LAS,MIA,1
2007,MDW,IND,4
2008,JAX,BWI,2
2008,PBI,PHL,2
1989,BWI,ORD,20
1992,RSW,CLT,15
1993,PIT,EWR,15
1994,DCA,PIT,1
1994,MHT,PHL,11
2002,RDU,PIT,11
2002,AVP,PHL,3
2004,DEN,MIA,10
2007,ABQ,ELP,3
2007,BNA,MSY,1
2007,DAL,SAT,5
2007,LAS,TPA,1
2008,MDW,CMH,6
2008,PHX,LAS,13
2008,RSW,PHL,1
2008,SAT,ELP,3
1988,LGA,GSO,45
1989,OMA,DEN,9
2002,PBI,DCA,19
2003,ORD,MSY,1
2004,ORD,MCI,24
2006,FLL,EYW,2
2006,PDX,LAS,1
2007,FLL,TPA,5
2008,OKC,DAL,2
1987,LAX,SFO,180
1993,PHL,DTW,11
2000,BUR,PHX,169
2006,CLT,MCI,1
2006,DEN,LAS,2
2007,LAS,MCI,5
2008,MCI,SMF,1
2008,SJC,SAN,10
1989,LAX,ORD,9
1991,LAS,SFO,4
1992,BWI,PIT,1
1993,BWI,IND,17
1995,ROC,PHL,64
2002,BNA,PHL,11
2003,DEN,SJC,5
2004,OAK,ORD,2
2004,BDL,IAD,12
2005,ORD,OMA,2
2006,LAX,PHL,3
2006,PHX,LAX,3
2007,TPA,PBI,2
2007,HOU,TUL,2
2007,JAX,PHL,1
2008,PHX,SDF,1
2008,SJC,ONT,8
1987,MRY,LAX,16
1988,SYR,BUF,14
1989,IAH,MSY,8
1990,MIA,PIT,2
1992,PIT,SYR,18
2003,DFW,SFO,4
2007,LAS,RDU,1
2008,ISP,MCO,4
2008,LAS,ISP,1
2008,LAS,MAF,1
2008,MCO,PHL,5
2008,MDW,BHM,2
2008,MDW,RDU,4
2008,MSY,MDW,1
1993,CLT,RSW,10
1994,GSO,DCA,8
2000,AUS,PHX,124
2002,PHL,MCI,14
2003,BIL,DEN,1
2007,AUS,HRL,1
2008,LAX,SLC,4
2008,MCI,LAS,5
2008,OAK,PHX,6
2008,RSW,MDW,1
1987,SFO,BUR,66
1990,PSP,SFO,20
2001,MHT,PIT,6
2004,ATL,DEN,12
2006,PIT,LAS,1
2007,TPA,RDU,2
2007,LAS,BHM,1
2007,LAS,SAN,6
2007,LBB,AUS,2
2008,MCI,LAX,4
1991,PIT,BTV,7
1992,MIA,MCO,5
1993,PIT,BDL,15
1993,IND,DCA,2
1994,MHT,PIT,2
2006,DCA,TPA,5
2006,PHX,DCA,3
2007,LAS,STL,2
2007,LAX,TUS,5
2008,JAX,HOU,1
2008,LAS,RDU,2
2008,SFO,LAS,7
1990,PIT,MCO,25
1990,IND,LAS,25
1991,DCA,PIT,8
1992,JAX,CLT,6
2004,ORD,STL,3
2007,ABQ,SAN,2
2007,BNA,MCO,4
2007,BWI,BDL,7
2008,LAS,BDL,1
2008,LAS,LBB,1
2008,OAK,HOU,1
2008,ORF,LAS,1
1991,EWR,PIT,16
1993,LAX,PHL,27
2006,CHS,CLT,4
2006,RNO,PHX,1
2007,BDL,MDW,2
2008,MSY,TPA,3
2008,PBI,TPA,2
2008,PHX,DEN,4
2008,PHX,IND,2
1987,SFO,GEG,25
1988,EWR,ROA,13
1991,STL,PIT,24
1991,ACY,PIT,10
1994,PIT,BWI,40
1996,BUR,PHX,141
2005,DSM,DEN,5
2006,LAS,JFK,3
2007,BDL,BNA,1
2007,ELP,ABQ,2
2008,MCI,PDX,1
2008,MCO,SAT,1
2008,PHX,LAX,12
1993,EWR,BUF,2
2000,CLE,PHX,50
2006,ORD,CLT,4
2007,TPA,PHL,1
2008,OAK,RNO,4
1991,AVP,PIT,14
1997,CLT,PHX,20
2003,DEN,SFO,2
2006,DEN,CLT,4
2006,SJU,CLT,1
2008,LAS,BUF,1
2008,LAS,OMA,2
2008,SJC,SEA,3
1989,IAH,SFO,10
1991,PIT,SWF,21
1991,SAN,SJC,5
1994,IAH,PIT,10
2002,ROC,PHL,8
2006,LAS,ORD,2
2006,PHL,ALB,2
2007,BNA,SEA,1
2007,DEN,MCO,2
2007,LAS,PHL,1
2007,MCO,CMH,1
2007,MDW,ISP,5
2008,JAX,BHM,1
2008,LAS,CLE,1
2008,LIT,BWI,1
2008,SAN,BNA,1
1989,ORD,DEN,135
1992,TUS,PHX,18
1994,CLT,ORF,9
2001,CMH,LGA,17
2002,MHT,PHL,13
2006,BOS,PHX,2
2006,DCA,BNA,2
2006,PHL,MCI,1
2007,ABQ,OAK,3
2007,DEN,MCI,3
2007,HOU,BHM,1
2008,PHL,HOU,2
2008,PHL,PVD,5
2008,RSW,ISP,1
2008,SJC,MDW,1
1991,PIT,ACY,12
1992,PIT,PHL,20
2001,BUF,CLT,16
2006,CLT,IND,1
2008,RNO,LAX,3
1988,TUS,LAX,19
1991,RNO,SFO,2
1992,PHX,TUS,9
1994,MLB,CLT,7
2003,DEN,PDX,8
2006,PHL,LAX,3
1988,LGA,SYR,13
2004,DEN,GEG,13
2007,SMF,PHX,4
2007,STL,OMA,2
2007,BUF,PHX,1
2008,OMA,STL,1
2008,PDX,OAK,4
2008,PDX,SJC,4
2008,SDF,MCO,2
1988,MRY,LAX,2
1992,LAX,SFO,9
1994,SWF,PIT,11
2002,CLT,MCI,7
2007,BNA,MCI,1
2007,GEG,SEA,3
2007,LAS,ORF,1
2007,LAS,SMF,5
2008,LAS,DEN,6
2008,MCO,CLE,1
2008,MHT,MDW,4
2008,OAK,BUR,13
2008,OKC,STL,2
2008,PHL,PIT,5
2008,SAN,TUS,3
1988,SYR,BWI,18
1988,BUR,SJC,16
1989,LIH,HNL,4
1989,ORD,PHX,3
1991,PIT,ORF,12
1992,BWI,ORF,1
2005,SMF,ORD,17
2006,PHL,PBI,2
2007,GEG,SLC,1
2008,LAS,SMF,7
2008,MCO,LAS,1
2008,RNO,SEA,1
1988,EWR,ORF,3
1990,MDT,PIT,25
1990,PHL,PIT,51
1990,PIT,ISP,11
1991,EWR,SYR,6
2001,PIT,MCI,11
2001,PHL,CLE,3
2002,PHL,CLE,7
2003,ORD,MDT,8
2003,GEG,DEN,2
2005,SFO,PDX,23
2006,MCO,DCA,3
2006,PHX,CMH,2
2007,LAS,DEN,6
2008,MDW,PDX,2
2008,MDW,PVD,4
2008,PVD,MCO,4
2008,PVD,PHX,1
2008,SEA,DEN,4
1994,DAY,PIT,17
2002,PIT,LGA,10
2005,ROC,ORD,15
2005,DEN,TUL,19
2006,PIT,BOS,3
2007,STL,MDW,7
2007,TPA,BNA,2
2007,BNA,PHX,3
2007,BWI,DEN,1
2008,JAN,BWI,2
2008,LAS,HOU,4
2008,MCI,MCO,3
2008,MCI,STL,4
2008,MCO,FLL,4
2008,MDW,PHX,8
1992,MCI,ICT,5
1994,PHL,CLT,3
1997,COS,PHX,84
1998,DEN,PHX,268
2003,BUR,SFO,7
2006,CLT,DEN,2
2006,CLT,SFO,1
2008,LAS,TUS,5
1991,CLE,LAS,4
1992,MCO,BWI,6
1993,PIT,LAX,26
1998,BNA,PHX,12
2002,PHL,IAH,19
2003,SJC,ORD,6
2003,MCI,ORD,16
2006,BOS,LGA,8
2006,CLT,ORF,7
2006,PHL,BOS,8
2006,CLT,JAX,1
2008,IND,MCI,1
2008,MCI,MDW,9
2008,ONT,SJC,6
2008,PHX,SEA,2
1994,PIT,MCI,20
1996,DEN,PHX,300
2003,ORD,PHX,4
2005,PIT,DEN,6
2005,DEN,SNA,14
2006,CLT,PBI,3
2006,LAS,PDX,1
2006,MCO,PHL,6
2007,ABQ,STL,1
2007,DAL,ABQ,5
2007,HOU,BWI,2
2007,MCO,BNA,4
2008,MSY,LAS,1
2008,PDX,LAS,4
1989,PHL,ORD,14
1991,CLE,BWI,1
1992,IND,LGA,2
1993,CLT,CAK,7
2003,ORD,IAD,3
2003,TPA,DEN,2
2004,OKC,DEN,8
2004,OMA,DEN,5
2006,CLT,DCA,6
2006,FLL,PHX,1
2006,IND,PHL,1
2006,LAS,PHL,3
2006,MSP,LAS,1
2006,OGG,PHX,1
2008,MCI,PHX,4
2008,MDW,DEN,6
2008,PHL,FLL,3
2008,SDF,LAS,1
1990,BUR,SFO,20
1993,PIT,STL,12
1994,CLT,FAY,8
1994,BUF,EWR,15
2004,ORD,OAK,21
2006,LAS,SFO,6
2006,PDX,PHX,1
2007,AUS,ELP,2
2007,BNA,AUS,2
2008,IND,JAX,1
2008,LAS,ALB,1
1987,SAN,OAK,62
1987,OAK,SFO,22
1989,RIC,ORD,19
1990,SFO,PDX,18
1993,LGA,CLE,13
1994,ORF,EWR,15
1997,BOS,PHX,51
2005,SAN,ORD,21
2005,SFO,SLC,5
2006,CLT,PHL,12
2007,TPA,MSY,2
2008,ISP,FLL,2
2008,PHL,RDU,3
2008,PHX,HOU,3
1991,PIT,DAY,15
1992,DFW,PHL,10
1994,EWR,RDU,17
1994,TRI,CLT,5
2002,DTW,CLT,15
2003,ORD,RIC,3
2005,DFW,DEN,14
2007,MCO,BDL,1
2008,LAS,MCO,1
2008,MAF,AUS,1
2008,MCI,IND,2
2008,OKC,HOU,3
2008,PDX,GEG,3
2008,SEA,MDW,3
1988,BWI,BDL,8
1988,LAX,LAS,12
1991,BUF,JFK,15
1992,IND,CLE,20
2001,IAH,PIT,13
2007,DEN,BNA,1
2007,MCO,IAD,1
2008,MDW,JAN,2
2008,MDW,MSY,1
2008,SEA,BNA,1
1988,BUR,LAS,19
1990,LGA,CLE,21
1992,PIT,IAH,13
1994,BTV,PHL,1
2006,LAX,LAS,2
2006,PHL,RDU,2
2007,SMF,SEA,3
2007,TPA,MDW,4
2008,MCO,MCI,3
2008,MDW,ABQ,1
2008,ORF,TPA,1
1988,ISP,SYR,11
1992,CLT,IAD,2
1992,STL,PIT,19
2006,DCA,PIT,2
2007,BHM,MDW,1
2007,MCO,LAS,1
2001,DTW,PIT,3
2003,ORD,PDX,15
2005,PDX,ORD,1
2006,FLL,MCO,2
2006,LGA,DCA,3
2006,DCA,MHT,2
2007,LAS,MAF,1
2008,MHT,TPA,2
2008,SAT,BWI,2
2008,SJC,RNO,3
1997,CMH,PHX,105
2006,PHX,BOS,3
2007,BWI,FLL,2
2008,LAX,ELP,3
2008,PHX,SLC,6
1988,PHX,LAX,11
1995,RIC,PHL,69
1997,ABQ,PHX,87
2001,PIT,AVP,9
2004,SJC,DEN,6
2004,PHL,ORD,16
2007,AUS,HOU,4
1987,BUR,SJC,17
1991,ORF,EWR,8
1992,PIT,MCO,15
1992,PHL,BUF,4
1993,LAX,PIT,21
1994,PBI,PHL,16
1994,PHL,STL,21
2001,DTW,CLT,16
2003,OAK,ORD,4
2003,ORD,DTW,4
2004,ORD,SAN,19
2007,FLL,STL,1
2007,MDW,BUF,2
1987,SNA,LAS,70
1990,MCI,BWI,23
2001,ATL,PIT,10
2003,DTW,DEN,13
2003,DEN,COS,5
2005,SEA,SFO,23
2005,ORD,CLE,30
2006,LGA,BOS,7
2006,PHX,DEN,2
2007,BHM,HOU,2
2007,BNA,BDL,1
2007,HOU,MCO,1
2008,MAF,HOU,1
2008,OAK,ABQ,3
1987,OAK,BUR,47
1992,LGA,IND,8
1993,PHX,IND,22
1994,PHL,TPA,24
2003,PHX,DEN,5
2004,ORD,FLL,20
2006,CLT,BOS,12
2006,DEN,PHX,7
2006,PVD,CLT,1
2007,ABQ,MCO,2
2007,MCO,PIT,2
1989,ORD,BTV,15
1990,TPA,PIT,16
1991,MDW,PIT,11
1991,BWI,TPA,16
2001,BOS,PIT,8
2006,SFO,PHL,2
2007,ABQ,HOU,3
2007,ABQ,MDW,1
2007,CMH,PHX,1
2007,MCI,OKC,2
2008,LAS,IAD,1
2008,RDU,MDW,3
1990,LGA,PIT,19
1992,LGA,CLE,5
1994,DCA,CLT,7
2001,MEM,CLT,6
2004,ORD,PHL,7
2006,PHL,SEA,1
2006,PHX,PDX,3
2006,SYR,DCA,1
2006,CLT,CMH,1
2008,LIT,MDW,1
2008,MAF,DAL,4
2008,MSY,BNA,1
2008,OAK,SEA,5
2008,PHX,BWI,3
2008,PHX,OMA,3
2008,SAT,PHX,3
1994,LGA,CMH,10
1998,BUR,PHX,133
2006,DCA,CLT,11
2006,PHX,JFK,3
2007,STL,ABQ,1
2007,TUS,LAS,2
2007,LAS,LBB,1
2008,MDW,SEA,3
1992,PIT,DTW,11
1993,DAY,PIT,24
1994,PIT,MCO,27
1994,CLT,DCA,3
1996,CVG,PHX,115
2006,BOS,DCA,9
2007,MCO,MSY,3
2008,LAS,TPA,1
2008,MCO,PVD,5
2008,PHX,TUL,2
2008,SAN,SFO,7
2008,SLC,BOI,2
1988,LAX,OAK,18
1992,DAY,PHL,4
1994,CLE,PIT,17
1995,SFO,PHL,75
2000,CMH,PHX,82
2002,PIT,BNA,8
2002,PHL,TPA,25
2003,SJC,DEN,11
2005,ORD,BOS,37
2006,PHX,SMF,4
2007,BWI,MDW,5
2007,FLL,ISP,1
2008,LAS,SDF,1
2008,MCO,BDL,3
2008,MCO,JAN,1
2008,OMA,MDW,6
1988,LAX,SJC,29
1995,SYR,PHL,13
2001,PHL,MHT,13
2003,ORD,GEG,19
2005,DSM,ORD,13
2006,DCA,SYR,2
2006,LAS,EWR,1
2006,PBI,DCA,2
2006,PHL,ROC,1
2007,JAX,BNA,3
2008,MCI,DAL,3
2008,SAN,HOU,1
1988,SFO,BUR,27
1991,PIT,BOS,16
1991,PWM,PHL,13
1991,LGA,ORF,14
1992,PIT,LGA,7
2007,MDW,BHM,2
2008,MCI,SEA,1
1991,SMF,LAX,3
2002,MHT,CLT,9
2007,DAL,HOU,15
2007,MCO,BUF,1
2008,MCO,BWI,8
2008,MDW,BDL,2
2008,OAK,MCI,2
2008,PHX,RNO,3
2008,PHX,SAT,4
1989,SFO,DEN,22
1990,SAN,SFO,26
1995,SJU,PHL,55
2006,RIC,PHL,1
2007,SMF,PDX,4
2008,MDW,OMA,6
1990,IAD,PIT,26
1990,SFO,SEA,22
1991,EWR,CLE,2
1993,LGA,SYR,12
1995,ORD,PHL,134
1998,AUS,PHX,36
2004,ORD,TPA,17
2006,CLT,MYR,4
2006,BTV,PHL,1
2007,BWI,BHM,3
2007,GEG,LAS,1
2007,MCI,PHX,3
2008,OAK,BNA,1
2008,RNO,SLC,1
1987,SMF,LAX,46
1992,PIT,HTS,3
1993,PIT,GRR,11
1994,RIC,PIT,2
2001,CLT,FAY,7
2002,GSO,CLT,1
2005,SEA,DEN,4
2006,CLT,IAD,1
2007,FLL,BNA,1
2007,LAS,TUL,1
2008,IND,MDW,2
2008,PHX,ONT,9
2003,ORD,BUF,2
2006,TPA,PHX,1
1988,SYR,BOS,37
1988,BWI,RIC,13
1988,SAN,OAK,31
1994,DCA,ROC,11
2007,ISP,FLL,1
2008,MDW,TUS,2
2008,PBI,ISP,3
2008,PHX,SAN,13
2008,PVD,BWI,8
1988,LYH,CHO,19
1988,SYR,BTV,4
1991,MCO,PIT,9
1992,GNV,CLT,2
1996,CMH,PHX,116
2002,BUF,CLT,1
2004,EWR,DEN,7
2005,SEA,LAX,4
2007,SNA,OAK,5
2007,CMH,PHL,1
2007,LAS,LAX,7
2008,LAS,BWI,2
2008,LAS,PIT,2
2008,OAK,SNA,5
2008,SFO,MDW,2
1993,PVD,PIT,21
2001,CLT,GSO,17
2005,BOS,DEN,20
2008,SAN,PHX,12
1991,CLE,BOS,2
1994,ORD,CLT,18
2002,PHL,PBI,27
2004,IND,DEN,3
2005,SAN,SFO,10
2006,ALB,DCA,1
2007,TPA,IAD,1
2007,LAS,ELP,1
2007,LAS,MSY,1
2007,LAS,ONT,7
2007,LAX,PHL,2
2007,LAX,SJC,6
1989,OGG,SFO,22
1993,BTV,PHL,18
2001,BOS,PHL,8
2004,SEA,DEN,3
2006,CLT,FLL,6
2006,DCA,LAS,1
2006,PHX,SNA,2
2007,BWI,ABQ,1
2007,LAS,TUS,5
2007,LAX,MDW,7
2008,LAS,MDW,8
2008,SAT,DAL,12
1987,SAN,LAS,3
1991,BNA,PIT,3
1993,PIT,IND,21
2003,DEN,CLE,5
2004,LAS,ORD,17
2006,CLT,RSW,4
2006,PHX,EWR,4
2007,ABQ,SEA,1
2007,ABQ,TPA,1
2008,LAS,STL,3
2008,RDU,PHL,6
2008,SEA,RNO,2
2008,SJC,PHX,4
2001,PIT,IAD,8
2002,GSO,PIT,1
2003,DEN,MCO,3
2006,BNA,CLT,3
2006,DCA,PHL,2
2007,ELP,DAL,4
2007,LAX,STL,1
2007,MCI,IND,2
2008,MHT,BWI,8
1989,EWR,LAX,18
1991,ICT,MCI,4
2006,DCA,JAX,3
2006,MCI,CLT,1
2006,PHX,ATL,4
2006,CLT,RDU,3
2007,LAS,SNA,2
2007,LAX,SLC,4
2008,LAS,RNO,10
2008,LAX,STL,1
2008,OAK,SAN,15
2008,OKC,BWI,1
1993,CRW,PIT,18
2003,DEN,IND,7
2004,DTW,ORD,13
2005,SNA,ORD,15
2006,DCA,FLL,5
2006,FLL,BOS,1
2006,PIT,MCO,3
2006,CLT,CHS,1
1987,BUR,SMF,19
1993,ROC,BOS,16
2003,IND,DEN,11
2006,JAX,CLT,1
2007,MCO,JAN,1
2008,PHX,BNA,3
2008,PHX,MHT,1
1988,GSO,BWI,28
2003,GRR,ORD,3
2006,LAS,BOS,2
2006,LAX,PHX,1
2007,STL,HOU,1
2007,HOU,FLL,1
2007,JAN,MCO,1
2008,RNO,PHX,3
1991,CLE,LGA,18
1993,PIT,DCA,46
2001,PHL,BDL,1
2002,PIT,BOS,9
2004,DEN,SMF,5
2006,ORD,PHL,6
2007,SNA,SMF,3
1995,PWM,PHL,40
2002,PIT,CLT,4
2005,PHL,DEN,5
2006,MIA,PHL,3
2007,ALB,MDW,1
2007,LAX,HOU,4
2007,MCO,ABQ,2
2008,PHX,MDW,5
2008,PHX,PIT,1
1990,TUS,LAX,25
1993,DCA,BOS,6
1993,PHL,RDU,12
1993,MIA,PIT,14
1994,PHL,ALB,18
1994,DCA,BUF,8
1999,ROC,PHL,102
2001,PIT,MKE,12
2003,EWR,ORD,3
2004,TPA,ORD,5
2006,BDL,DCA,4
2006,PHL,FLL,6
2008,LAS,LAX,13
2008,RNO,OAK,4
1994,BOS,MCO,2
2001,PIT,EWR,9
2006,PHX,TPA,2
2007,BNA,RDU,5
2008,ONT,PHX,6
1991,BWI,IND,8
1991,EWR,BOS,22
1993,PHL,JAX,17
2003,ORD,ATL,11
2003,SFO,SEA,10
2005,MDT,ORD,20
2006,CLT,BUF,3
2007,HOU,ABQ,1
2008,LAS,BOI,2
2008,PDX,SMF,7
2008,PHL,JAX,1
1991,MCI,SAN,15
2001,CLT,TPA,26
2001,PHL,BTV,9
2004,DEN,ONT,12
2005,LAX,PDX,12
2005,BUR,DEN,13
2006,MCO,PHX,1
2006,PHX,SFO,3
2006,CLT,DTW,1
2007,TPA,STL,1
2007,MCO,MDW,2
2007,MDW,LAS,3
1988,CHO,LGA,19
1989,LAX,HNL,29
1990,PHL,CMH,21
1992,PIT,MCI,15
2003,SYR,ORD,2
2005,IND,ORD,4
2006,BOS,PIT,1
2006,PHL,BWI,2
2006,PHX,MCO,2
2006,CMH,CLT,1
2007,HOU,LAX,1
2008,RDU,BWI,5
1987,SFO,RNO,28
1990,CLE,IND,14
1990,LAS,BUR,13
1992,PIT,ABE,22
2001,CLT,BNA,20
2002,PHL,DTW,20
2003,DEN,DFW,4
2006,PHL,ORD,6
2007,JAX,BHM,1
2008,MCO,DEN,1
2008,PHX,BHM,1
2008,PHX,STL,2
1988,CLT,LYH,23
1989,DEN,HNL,16
1999,SFO,PHL,97
2004,IAD,MCO,7
2007,LAS,ALB,1
2008,ISP,TPA,2
2008,LAX,MDW,5
2008,LAX,OAK,19
2008,MCO,DTW,2
2008,PHX,PHL,2
2008,SAN,MDW,3
1987,LAS,SAN,4
1989,HNL,KOA,11
1990,IND,LAX,47
1994,PHL,ROC,3
1994,IND,BWI,20
1999,RIC,PHL,3
2002,CLT,CHS,3
2004,TUS,ORD,11
2006,RDU,PHX,1
2006,ATL,DCA,1
2007,MDW,DTW,4
2008,MSY,FLL,1
2008,PHX,OKC,1
1989,DEN,ORD,123
1992,PIT,ABQ,15
2002,CLT,STL,16
2006,BDL,PHL,4
2007,STL,CMH,1
2007,CLE,STL,1
2007,MDW,FLL,3
2008,MDW,MCO,8
2008,PIT,PHL,3
1994,IND,TPA,24
2006,PIT,LGA,4
2007,HOU,BNA,2
2007,LAS,IAD,1
2008,MCI,ABQ,1
1988,BUR,OAK,51
1994,CHS,DCA,16
1994,PIT,TOL,13
2001,BHM,CLT,22
2003,LAS,LAX,1
2006,PIT,PHL,7
2006,CLT,CLE,1
2007,ABQ,MCI,2
2007,BWI,PBI,1
2007,LAS,SEA,3
2008,MCO,PIT,3
2008,SEA,ABQ,2
2008,SEA,MCI,1
1990,CMH,IND,16
1994,DCA,CHS,21
2001,PHL,DCA,11
2004,ORD,SNA,11
2004,BWI,DEN,6
2006,EWR,CLT,5
2006,PHX,DFW,2
2006,DFW,LAS,1
2007,MCI,STL,4
2007,MCO,MHT,1
2008,LAS,TUL,1
1991,PBI,CLT,5
1994,CVG,PIT,22
2007,TPA,BWI,5
2007,BWI,ISP,2
2007,DAL,MAF,5
2007,LAS,PHX,11
2008,RNO,SAN,1
1990,PIT,BOS,24
1994,LAX,PIT,8
1996,CLT,PHX,51
2002,PHL,ALB,3
2006,LAS,CLT,2
2006,PHL,BDL,1
2007,STL,CLE,1
2007,ELP,LBB,1
2007,JAX,TPA,2
2007,LAS,IND,1
2007,MCI,BWI,1
2008,LAS,ABQ,4
2008,MDW,RSW,2
2008,OKC,PHX,3
2008,RSW,BWI,2
1992,LAN,DAY,4
1996,ATL,PHX,166
2001,AVP,PHL,7
2002,CLT,ATL,11
2003,DEN,DTW,4
2003,DEN,MCI,7
2004,SLC,ORD,19
2006,BOS,CLT,5
2006,CLT,LAX,2
2006,SJU,BOS,1
2007,LAX,LAS,12
2008,SAT,SAN,1
1989,ORD,ABE,41
1991,ISP,PIT,6
1993,PIT,CLE,3
1993,TUS,PHX,12
1999,SLC,PHL,16
2001,BUF,PIT,6
2002,CLT,RIC,2
2002,CLT,PNS,11
2004,ORD,BUF,15
2005,ALB,ORD,5
2005,CLT,ORD,14
2006,CLT,LGA,14
2006,DCA,ORD,2
2006,LGA,CLT,2
2006,PHX,ORD,4
2007,BHM,BNA,2
2007,HOU,MAF,1
2007,LAS,AMA,1
2008,LAS,GEG,2
2008,LAS,IND,2
2008,MAF,LAS,1
2008,MCO,AUS,1
2008,MDW,ORF,2
2008,PDX,SLC,3
2008,PHX,MCI,3
1992,SAN,PIT,49
1994,EWR,BOS,26
2000,BNA,PHX,47
2002,PBI,BWI,2
2005,GEG,DEN,5
2007,HOU,PHX,1
2007,IND,MCI,1
2007,MCO,HOU,3
2008,JAX,FLL,2
1994,LGA,MIA,22
2003,SAN,ORD,13
2005,DCA,ORD,17
2006,FLL,PHL,7
2006,ORD,PIT,4
2007,ELP,AUS,4
2007,MDW,IAD,5
2008,MCO,CMH,3
1987,LAX,OAK,26
1987,SMF,BUR,23
1988,SJC,BUR,6
1992,MSP,PIT,27
2004,ORD,PDX,25
2005,PIT,ORD,19
2006,PHX,DTW,4
2006,SJU,PHL,2
2006,CLT,SEA,1
2007,ABQ,PHX,6
2007,BOI,PDX,1
2007,CMH,MDW,5
2007,ISP,BWI,5
2007,MDW,LAX,1
2008,MDW,SJC,2
2008,SEA,SLC,2
1989,ORD,OMA,16
1990,BWI,LGA,20
1991,PIT,MDT,11
1992,PIT,IND,17
1997,BNA,PHX,42
2002,PHL,FLL,24
2003,PHL,SFO,1
2003,ORD,TUS,10
2006,PHX,MCI,1
2006,SJC,PHX,1
2007,TUL,MCI,1
2007,HOU,MDW,1
2007,JAX,FLL,4
2007,LAS,BNA,3
1990,PIT,IAH,22
2001,CLT,RIC,6
2002,PIT,DAY,6
2003,DAY,ORD,21
2004,DEN,MCI,12
2006,CLT,PIT,2
2006,PHL,PIT,7
2006,PHL,SJU,2
2006,DTW,CLT,1
2007,AMA,DAL,5
2007,BWI,RDU,2
2007,HOU,HRL,4
2007,HRL,AUS,1
2007,ISP,MDW,2
2008,MCO,MHT,5
2008,PHX,LIT,1
2008,SDF,BHM,1
1989,DEN,DFW,9
2004,ORD,CLT,5
2006,DCA,BOS,11
2006,DTW,LAS,1
2007,MCO,ORF,1
2008,LAS,PHL,2
1988,SCK,LAX,5
1992,PIT,BWI,3
1993,RIC,LGA,3
1998,COS,PHX,49
2005,ORD,BUF,3
2006,LAS,PIT,1
2006,DCA,BTV,2
2008,MCO,IAD,2
2008,PVD,PHL,3
1990,DAY,EWR,25
1991,PIT,ISP,30
2002,CLT,BUF,6
2005,ORD,DCA,9
2006,DCA,RSW,3
2007,TUL,HOU,1
2007,JAX,BWI,1
2008,LAX,SFO,5
1990,SFO,MCI,27
1993,TPA,LGA,6
2004,CLT,DEN,5
2004,DEN,OMA,8
2006,MCI,PHL,1
2006,DCA,MSY,1
2007,GEG,PDX,3
2008,LAS,MHT,1
2008,LAS,SEA,3
2008,SEA,SJC,4
1987,SAN,SFO,11
1994,ROC,EWR,3
1994,IAH,PHL,10
1998,CVG,PHX,35
2005,ORD,SAT,20
2007,BNA,FLL,1
2008,LAS,CMH,2
2008,PHL,CMH,1
1992,ALB,LGA,19
1994,PBI,BWI,3
1994,MDT,PIT,20
2002,PHL,DFW,18
2002,PIT,ABE,6
2006,FLL,DCA,3
2006,LAS,SEA,3
2006,BUF,DCA,1
2007,CLE,BNA,4
2007,LAS,GEG,2
2008,LAX,ABQ,3
2008,MDW,IND,4
2008,OAK,TUS,1
1987,ABQ,LAX,21
1990,MSY,PIT,24
1991,BWI,FAY,8
1992,CMH,IND,18
1992,CLE,BOS,8
1992,PIT,ALB,4
1994,BOS,EWR,29
2002,AVP,PIT,10
2005,ORD,CMH,19
2006,BOS,SJU,2
2007,IND,BWI,1
2008,MCO,BUF,3
2008,PHX,DTW,1
2008,SFO,LAX,3
1989,MCI,DEN,3
1990,CLE,PHL,16
1991,FLL,TPA,18
1992,LAX,IND,24
2000,ATL,PHX,50
2002,ATL,CLT,23
2003,PVD,ORD,6
2005,DEN,SEA,34
2006,LAS,SMF,2
2006,PHX,SLC,1
2007,TPA,FLL,4
2007,JAN,HOU,1
2007,MCO,PHL,6
2008,LAX,RNO,3
2008,MHT,PHL,5
2008,PHL,MCO,5
1987,LAX,PHX,5
1988,SJC,LAX,16
1998,BOS,PHX,28
1999,SYR,PHL,88
2002,PHL,SEA,21
2004,MCO,IAD,3
2006,PIT,DCA,2
2007,DAL,LIT,3
2007,HOU,MSY,6
2007,LAS,HOU,3
2007,MCO,ALB,2
2007,MDW,BNA,7
2008,RNO,LAS,12
1988,SYR,ELM,1
1989,ORD,EWR,10
1989,MSY,IAH,9
1991,PIT,AVP,25
1992,MDT,PIT,14
1992,DAY,BOS,3
1992,LGA,CLT,10
2000,BWI,PHX,135
2006,DFW,CLT,5
2006,SFO,PHX,2
2006,SNA,LAS,1
2008,MHT,LAS,1
2008,ONT,SMF,11
1993,TPA,FLL,1
2001,CLT,JAX,16
2002,DCA,PHL,12
2003,TPA,ORD,8
2007,ABQ,LAX,2
2007,BUR,SMF,7
2007,LAS,ISP,2
2008,LIT,LAS,1
2008,PHX,SMF,6
2008,PIT,TPA,1
2008,RNO,SJC,3
1990,PHL,ALB,22
1993,ROC,PHL,12
1994,BWI,BDL,3
2004,GRR,ORD,5
2004,ORD,PHX,11
2005,MHT,ORD,11
2007,BNA,PHL,1
2007,BWI,MHT,6
2007,LAS,CMH,2
2008,LAS,ORF,1
2008,LAS,SLC,7
2008,PBI,BWI,4
1989,ORD,BOS,7
1990,PIT,SAN,27
1990,PIT,PHX,21
1990,SAN,PIT,21
1991,MCI,PIT,6
2003,DEN,OMA,1
2003,SLC,DEN,2
2005,ORD,SAN,15
2007,SNA,LAS,3
2007,BWI,BUF,3
2008,MDW,ISP,4
2008,PHX,OAK,6
1989,MCI,ORD,25
1990,ISP,PIT,3
1993,BWI,SFO,17
1993,MSY,DCA,9
2001,HPN,PIT,21
2003,DEN,TUL,8
2006,FLL,LGA,4
2007,AUS,TPA,1
2007,BOI,SEA,2
2007,BWI,IND,1
2007,DEN,MDW,3
2007,MCO,FLL,4
1990,SFO,RNO,21
1992,SAN,LAX,15
1999,SAN,PHL,19
2001,PIT,HPN,13
2002,BOS,CLT,7
2002,IND,CLT,7
2003,BOI,DEN,5
2005,ORD,DFW,16
2006,PHL,SYR,1
2006,PHX,IND,2
2007,BWI,MCI,1
2007,BWI,ORF,3
2008,MHT,MCO,4
2008,PHX,ABQ,8
2008,RNO,BOI,2
1988,SEA,LAX,11
2004,ATL,ORD,19
2004,LAX,DEN,18
2006,PHL,MCO,5
2006,PHX,FLL,2
2007,BUR,SJC,5
2007,DAL,ELP,5
2008,SAN,BWI,1
1990,LGA,ORF,14
1990,DCA,PIT,21
1991,IND,MCI,23
1992,PHL,MHT,3
1994,MCO,LGA,23
2006,PVD,DCA,1
2007,AUS,BNA,2
2007,BNA,JAX,3
2008,IAD,TPA,1
1994,BOS,SYR,20
1998,CLE,PHX,39
1999,RSW,PHL,49
2001,PIT,ORD,16
2006,CLT,ROC,2
2006,DCA,ATL,2
2007,SNA,SJC,3
2007,BWI,BNA,4
2007,LAS,ABQ,6
2007,MCI,MCO,2
2008,MCO,MDW,8
2008,MDW,PHL,7
2008,PHL,PHX,1
1989,OMA,ORD,26
1991,CLT,BWI,4
2005,ORD,SJC,4
2007,CMH,MCO,1
2007,MCO,MCI,1
2008,LAS,SFO,6
2008,LBB,AUS,1
1987,OAK,SAN,107
1991,PHF,PIT,8
2001,CLT,CHS,28
2002,CLT,ORF,1
2004,DEN,ATL,13
2007,DEN,HOU,2
2007,LIT,BWI,1
1988,OAK,BUR,40
1994,PHL,GSO,17
1996,BNA,PHX,35
2000,BHM,PHX,10
2002,TPA,PIT,8
2004,BOS,IAD,11
2006,BUF,CLT,2
2006,PHL,DEN,1
2006,CLT,RIC,2
2007,GEG,BOI,1
2008,PHX,BUR,8
1987,SFO,PDX,17
1988,LAX,SAN,11
1989,SFO,PDX,3
1990,PSP,SAN,24
1991,PIT,ROC,17
1991,BWI,BOS,12
1992,SBN,DAY,2
2003,SFO,EUG,3
2004,LAS,LAX,7
2006,LAS,DFW,2
2006,MYR,CLT,1
2007,STL,PHX,3
2007,LAX,ABQ,4
2008,ISP,PBI,2
1988,SFO,RNO,14
2006,PHX,BDL,1
2006,PHX,PIT,1
2007,BDL,BWI,6
2007,LAS,PIT,2
2007,LAS,SDF,1
2008,ONT,OAK,9
2008,PDX,MDW,1
2008,SAN,ABQ,2
2008,SAT,BNA,2
1988,LAX,MRY,2
1994,CLT,BNA,12
2001,PIT,BNA,16
2002,BWI,CLT,10
2003,OKC,DEN,1
2004,ORD,MSP,26
2006,CLT,PVD,6
2007,DEN,BWI,1
2007,LAS,AUS,2
2008,OMA,PHX,3
2008,RNO,PDX,2
1988,ROA,CLT,24
1988,SAN,LAX,1
1989,HOU,ORD,2
1992,EWR,BOS,5
1993,PHX,TUS,17
1993,BUF,LGA,11
1995,PIT,PHL,222
2002,ORD,PHL,9
2006,MCO,FLL,1
2008,MSY,BHM,1
2008,PHL,MDW,5
2008,SDF,PHX,1
1988,JFK,BUF,18
1991,DTW,BWI,11
1993,SYR,BOS,10
1994,PIT,DTW,22
2004,OMA,ORD,17
2006,RDU,DCA,1
2006,CMH,LAS,1
2007,MCI,TPA,1
2008,LAS,LIT,1
2008,LAX,BNA,3
2008,LAX,MCI,3
1992,BGM,PIT,14
1993,PIT,DTW,5
1997,CLE,PHX,21
1997,CVG,PHX,73
2000,CVG,PHX,78
2001,DFW,PHL,3
2004,PVD,ORD,5
2004,MSP,ORD,5
2005,LAX,OAK,4
2006,PHL,IND,1
2006,PHL,SFO,1
2006,SFO,LAS,3
2007,BWI,PVD,6
2007,ISP,PBI,2
2008,MCI,BWI,3
2008,MCO,ABQ,2
2008,MDW,SFO,3
2008,MDW,STL,10
2008,SJC,LAS,7
1991,CLE,PIT,2
1991,PIT,BNA,7
1992,PHL,PIT,2
2003,SFO,SAN,29
2003,TUS,DEN,8
2005,ORD,SEA,24
2007,BOI,GEG,2
2008,MSY,MCO,2
2008,PVD,TPA,1
2002,CLT,DTW,7
2003,DFW,ORD,12
2007,DEN,SLC,4
2008,IND,TPA,1
2008,MCO,ALB,3
1988,SAN,LAS,18
1989,ORD,DTW,38
1990,PIT,SFO,105
1991,CLT,DCA,11
1993,DTW,PIT,23
2001,MKE,PIT,7
2006,PHX,IAD,2
2007,BNA,HOU,1
2007,BNA,SAN,1
2008,LAX,HOU,2
2008,MDW,CLE,7
2008,MSY,DAL,5
2008,OAK,ONT,10
1994,MIA,PIT,14
2002,PIT,CMH,9
2002,BOS,PHL,20
2006,BWI,PHX,3
2006,CLT,MDT,1
2007,SNA,PHX,6
2007,LAS,SLC,8
2008,SJC,SNA,3
1988,OAK,SAN,42
1990,ABE,PIT,40
1992,MCO,PIT,26
2001,AVP,PIT,12
2004,DEN,SNA,13
2006,DCA,PVD,5
2007,TPA,MHT,1
2007,LAS,OAK,9
2007,MDW,LIT,1
2008,MCI,TUL,3
2008,PHX,SJC,5
2008,SJC,LAX,12
1990,SAN,PSP,13
1990,FLL,PHL,23
1991,GSO,EWR,10
1992,EWR,IND,8
2002,DCA,PIT,11
2003,DEN,RNO,4
2006,MCO,CLT,5
2006,RSW,CLT,1
2007,TPA,MCI,1
2007,DAL,OKC,2
2007,FLL,MCO,4
2007,LAX,BNA,3
2007,LAX,PHX,10
2008,MDW,HOU,5
2008,OAK,LAX,16
2008,PDX,RNO,3
2008,PHX,AUS,4
1990,LAX,SAN,46
1992,ROC,LGA,2
1992,MCI,SFO,1
1992,LGA,PIT,10
2002,FLL,CLT,15
2003,STL,ORD,3
2005,DEN,BOS,18
2006,BOS,PHL,11
2006,PIT,CLT,1
2006,DCA,RDU,1
2007,DTW,BWI,2
2007,LAX,SMF,6
2007,MCI,DAL,4
2008,LBB,ABQ,1
2008,MCO,ORF,2
2008,MDW,BWI,8
2008,SAN,RNO,1
